Using pre-set license
Built from '6000.0/staging' branch; Version is '6000.0.58f1 (44b8bf3a3225) revision 4503743'; Using compiler version '193933523'; Build Type 'Release'
OS: 'Windows 10  (10.0.19045) 64bit Core' Language: 'es' Physical Memory: 16327 MB
BatchMode: 1, IsHumanControllingUs: 0, StartBugReporterOnCrash: 0, Is64bit: 1
Date: 2025-11-06T11:24:01Z

COMMAND LINE ARGUMENTS:
C:\Program Files\Unity\Hub\Editor\6000.0.58f1\Editor\Unity.exe
-adb2
-batchMode
-noUpm
-name
AssetImportWorker0
-projectPath
C:/Users/alumno/Desktop/PROYECTOS/VIDEOJUEGOS/DINOSAURIO
-logFile
Logs/AssetImportWorker0.log
-srvPort
53835
-job-worker-count
2
-background-job-worker-count
8
-gc-helper-count
1
-name
AssetImport
Successfully changed project path to: C:/Users/alumno/Desktop/PROYECTOS/VIDEOJUEGOS/DINOSAURIO
C:/Users/alumno/Desktop/PROYECTOS/VIDEOJUEGOS/DINOSAURIO
[UnityMemory] Configuration Parameters - Can be set up in boot.config
    "memorysetup-bucket-allocator-granularity=16"
    "memorysetup-bucket-allocator-bucket-count=8"
    "memorysetup-bucket-allocator-block-size=33554432"
    "memorysetup-bucket-allocator-block-count=8"
    "memorysetup-main-allocator-block-size=16777216"
    "memorysetup-thread-allocator-block-size=16777216"
    "memorysetup-gfx-main-allocator-block-size=16777216"
    "memorysetup-gfx-thread-allocator-block-size=16777216"
    "memorysetup-cache-allocator-block-size=4194304"
    "memorysetup-typetree-allocator-block-size=2097152"
    "memorysetup-profiler-bucket-allocator-granularity=16"
    "memorysetup-profiler-bucket-allocator-bucket-count=8"
    "memorysetup-profiler-bucket-allocator-block-size=33554432"
    "memorysetup-profiler-bucket-allocator-block-count=8"
    "memorysetup-profiler-allocator-block-size=16777216"
    "memorysetup-profiler-editor-allocator-block-size=1048576"
    "memorysetup-temp-allocator-size-main=16777216"
    "memorysetup-job-temp-allocator-block-size=2097152"
    "memorysetup-job-temp-allocator-block-size-background=1048576"
    "memorysetup-job-temp-allocator-reduction-small-platforms=262144"
    "memorysetup-allocator-temp-initial-block-size-main=262144"
    "memorysetup-allocator-temp-initial-block-size-worker=262144"
    "memorysetup-temp-allocator-size-background-worker=32768"
    "memorysetup-temp-allocator-size-job-worker=262144"
    "memorysetup-temp-allocator-size-preload-manager=33554432"
    "memorysetup-temp-allocator-size-nav-mesh-worker=65536"
    "memorysetup-temp-allocator-size-audio-worker=65536"
    "memorysetup-temp-allocator-size-cloud-worker=32768"
    "memorysetup-temp-allocator-size-gi-baking-worker=262144"
    "memorysetup-temp-allocator-size-gi-baking-worker=262144"
    "memorysetup-temp-allocator-size-gi-baking-worker=262144"
    "memorysetup-temp-allocator-size-gi-baking-worker=262144"
    "memorysetup-temp-allocator-size-gi-baking-worker=262144"
    "memorysetup-temp-allocator-size-gfx=262144"
Player connection [5364]  Target information:

Player connection [5364]  * "[IP] 10.100.101.15 [Port] 0 [Flags] 2 [Guid] 1108875744 [EditorId] 1108875744 [Version] 1048832 [Id] WindowsEditor(7,DESKTOP-A7T40EM) [Debug] 1 [PackageName] WindowsEditor [ProjectName] Editor" 

Player connection [5364] Host joined multi-casting on [225.0.0.222:54997]...
Player connection [5364] Host joined alternative multi-casting on [225.0.0.222:34997]...
JobSystem: Creating JobQueue using job-worker-count value 2
Input System module state changed to: Initialized.
[Physics::Module] Initialized fallback backend.
[Physics::Module] Id: 0xdecafbad
Library Redirect Path: Library/
[Physics::Module] Selected backend.
[Physics::Module] Name: PhysX
[Physics::Module] Id: 0xf2b8ea05
[Physics::Module] SDK Version: 4.1.2
[Physics::Module] Integration Version: 1.0.0
[Physics::Module] Threading Mode: Multi-Threaded
Refreshing native plugins compatible for Editor in 5.00 ms, found 3 plugins.
Preloading 0 native plugins for Editor in 0.00 ms.
Initialize engine version: 6000.0.58f1 (44b8bf3a3225)
[Subsystems] Discovering subsystems at path C:/Program Files/Unity/Hub/Editor/6000.0.58f1/Editor/Data/Resources/UnitySubsystems
[Subsystems] Discovering subsystems at path C:/Users/alumno/Desktop/PROYECTOS/VIDEOJUEGOS/DINOSAURIO/Assets
GfxDevice: creating device client; kGfxThreadingModeNonThreaded
Direct3D:
    Version:  Direct3D 11.0 [level 11.1]
    Renderer: NVIDIA GeForce GT 1030 (ID=0x1d01)
    Vendor:   NVIDIA
    VRAM:     1967 MB
    Driver:   32.0.15.6094
Initialize mono
Mono path[0] = 'C:/Program Files/Unity/Hub/Editor/6000.0.58f1/Editor/Data/Managed'
Mono path[1] = 'C:/Program Files/Unity/Hub/Editor/6000.0.58f1/Editor/Data/MonoBleedingEdge/lib/mono/unityjit-win32'
Mono config path = 'C:/Program Files/Unity/Hub/Editor/6000.0.58f1/Editor/Data/MonoBleedingEdge/etc'
Using monoOptions --debugger-agent=transport=dt_socket,embedding=1,server=y,suspend=n,address=127.0.0.1:56896
Begin MonoManager ReloadAssembly
Registering precompiled unity dll's ...
Register platform support module: C:/Program Files/Unity/Hub/Editor/6000.0.58f1/Editor/Data/PlaybackEngines/WindowsStandaloneSupport/UnityEditor.WindowsStandalone.Extensions.dll
Register platform support module: C:/Program Files/Unity/Hub/Editor/6000.0.58f1/Editor/Data/PlaybackEngines/AndroidPlayer/UnityEditor.Android.Extensions.dll
Registered in 0.005231 seconds.
- Loaded All Assemblies, in  0.575 seconds
Native extension for Android target not found
Native extension for WindowsStandalone target not found
Mono: successfully reloaded assembly
- Finished resetting the current domain, in  0.448 seconds
Domain Reload Profiling: 1021ms
	BeginReloadAssembly (220ms)
		ExecutionOrderSort (0ms)
		DisableScriptedObjects (0ms)
		BackupInstance (0ms)
		ReleaseScriptingObjects (0ms)
		CreateAndSetChildDomain (2ms)
	RebuildCommonClasses (47ms)
	RebuildNativeTypeToScriptingClass (16ms)
	initialDomainReloadingComplete (60ms)
	LoadAllAssembliesAndSetupDomain (229ms)
		LoadAssemblies (202ms)
		RebuildTransferFunctionScriptingTraits (0ms)
		AnalyzeDomain (223ms)
			TypeCache.Refresh (221ms)
				TypeCache.ScanAssembly (203ms)
			BuildScriptInfoCaches (0ms)
			ResolveRequiredComponents (0ms)
	FinalizeReload (449ms)
		ReleaseScriptCaches (0ms)
		RebuildScriptCaches (0ms)
		SetupLoadedEditorAssemblies (392ms)
			LogAssemblyErrors (0ms)
			InitializePlatformSupportModulesInManaged (93ms)
			SetLoadedEditorAssemblies (5ms)
			BeforeProcessingInitializeOnLoad (70ms)
			ProcessInitializeOnLoadAttributes (149ms)
			ProcessInitializeOnLoadMethodAttributes (75ms)
			AfterProcessingInitializeOnLoad (0ms)
			EditorAssembliesLoaded (0ms)
		ExecutionOrderSort2 (0ms)
		AwakeInstancesAfterBackupRestoration (0ms)
Script 'Packages/com.unity.visualscripting/Runtime/VisualScripting.Flow/Framework/Events/GUI/OnToggleValueChanged.cs' will not be compiled because it exists outside the Assets folder and does not to belong to any assembly definition file.
Script 'Packages/com.unity.visualscripting/Runtime/VisualScripting.Flow/Framework/Events/CustomEvent.cs' will not be compiled because it exists outside the Assets folder and does not to belong to any assembly definition file.
Script 'Packages/com.unity.visualscripting/Runtime/VisualScripting.Core/Listeners/UIInterfaces/UnityOnEndDragMessageListener.cs' will not be compiled because it exists outside the Assets folder and does not to belong to any assembly definition file.
Script 'Packages/com.unity.visualscripting/Runtime/VisualScripting.Core/Reflection/Operators/LogicalNegationHandler.cs' will not be compiled because it exists outside the Assets folder and does not to belong to any assembly definition file.
Script 'Packages/com.unity.visualscripting/Runtime/VisualScripting.Core/Listeners/UIInterfaces/UnityOnMoveMessageListener.cs' will not be compiled because it exists outside the Assets folder and does not to belong to any assembly definition file.
Script 'Packages/com.unity.visualscripting/Runtime/VisualScripting.Flow/Framework/Control/Cache.cs' will not be compiled because it exists outside the Assets folder and does not to belong to any assembly definition file.
Script 'Packages/com.unity.visualscripting/Runtime/VisualScripting.Flow/Framework/Literal.cs' will not be compiled because it exists outside the Assets folder and does not to belong to any assembly definition file.
Script 'Packages/com.unity.visualscripting/Runtime/VisualScripting.Core/Listeners/UIInterfaces/UnityOnPointerClickMessageListener.cs' will not be compiled because it exists outside the Assets folder and does not to belong to any assembly definition file.
Script 'Packages/com.unity.visualscripting/Runtime/VisualScripting.Flow/Framework/Math/Scalar/ScalarSum.cs' will not be compiled because it exists outside the Assets folder and does not to belong to any assembly definition file.
Script 'Packages/com.unity.visualscripting/Runtime/VisualScripting.Flow/Ports/IUnitPortDefinition.cs' will not be compiled because it exists outside the Assets folder and does not to belong to any assembly definition file.
Script 'Packages/com.unity.visualscripting/Runtime/VisualScripting.Flow/Framework/Math/Vector3/Vector3Normalize.cs' will not be compiled because it exists outside the Assets folder and does not to belong to any assembly definition file.
Script 'Packages/com.unity.visualscripting/Runtime/VisualScripting.State/IStateDebugData.cs' will not be compiled because it exists outside the Assets folder and does not to belong to any assembly definition file.
Script 'Packages/com.unity.visualscripting/Runtime/VisualScripting.Flow/Framework/Variables/Obsolete/IsObjectVariableDefined.cs' will not be compiled because it exists outside the Assets folder and does not to belong to any assembly definition file.
Script 'Packages/com.unity.visualscripting/Runtime/VisualScripting.Flow/Framework/Time/Timer.cs' will not be compiled because it exists outside the Assets folder and does not to belong to any assembly definition file.
Script 'Packages/com.unity.visualscripting/Runtime/VisualScripting.Flow/Framework/Math/Generic/GenericSubtract.cs' will not be compiled because it exists outside the Assets folder and does not to belong to any assembly definition file.
Script 'Packages/com.unity.visualscripting/Runtime/VisualScripting.Core/Listeners/MonoBehaviour/UnityOnCollisionExitMessageListener.cs' will not be compiled because it exists outside the Assets folder and does not to belong to any assembly definition file.
Script 'Packages/com.unity.visualscripting/Runtime/VisualScripting.Flow/Framework/Math/Vector2/Vector2Average.cs' will not be compiled because it exists outside the Assets folder and does not to belong to any assembly definition file.
Script 'Packages/com.unity.visualscripting/Runtime/VisualScripting.Flow/Dependencies/NCalc/EvaluationException.cs' will not be compiled because it exists outside the Assets folder and does not to belong to any assembly definition file.
Script 'Packages/com.unity.visualscripting/Runtime/VisualScripting.Flow/Framework/Math/Vector3/Vector3Maximum.cs' will not be compiled because it exists outside the Assets folder and does not to belong to any assembly definition file.
Script 'Packages/com.unity.visualscripting/Runtime/VisualScripting.Core/Ensure/Extensions/XComparable.cs' will not be compiled because it exists outside the Assets folder and does not to belong to any assembly definition file.
Script 'Packages/com.unity.visualscripting/Runtime/VisualScripting.Flow/Dependencies/NCalc/FunctionArgs.cs' will not be compiled because it exists outside the Assets folder and does not to belong to any assembly definition file.
Script 'Packages/com.unity.visualscripting/Runtime/VisualScripting.Core/Collections/IMergedCollection.cs' will not be compiled because it exists outside the Assets folder and does not to belong to any assembly definition file.
Script 'Packages/com.unity.visualscripting/Runtime/VisualScripting.Core/Listeners/UIInterfaces/UnityOnCancelMessageListener.cs' will not be compiled because it exists outside the Assets folder and does not to belong to any assembly definition file.
Script 'Packages/com.unity.visualscripting/Runtime/VisualScripting.Core/Listeners/MonoBehaviour/UnityOnMouseDownMessageListener.cs' will not be compiled because it exists outside the Assets folder and does not to belong to any assembly definition file.
Script 'Packages/com.unity.visualscripting/Runtime/VisualScripting.Core/EditorBinding/InspectableIfAttribute.cs' will not be compiled because it exists outside the Assets folder and does not to belong to any assembly definition file.
Script 'Packages/com.unity.visualscripting/Runtime/VisualScripting.Flow/Framework/Graph/SetScriptGraph.cs' will not be compiled because it exists outside the Assets folder and does not to belong to any assembly definition file.
Script 'Packages/com.unity.visualscripting/Runtime/VisualScripting.Core/Reflection/TypeNameDetail.cs' will not be compiled because it exists outside the Assets folder and does not to belong to any assembly definition file.
Script 'Packages/com.unity.visualscripting/Runtime/VisualScripting.Core/Reflection/Optimization/InstanceFunctionInvokerBase.cs' will not be compiled because it exists outside the Assets folder and does not to belong to any assembly definition file.
Script 'Packages/com.unity.visualscripting/Runtime/VisualScripting.Core/Dependencies/FullSerializer/Converters/Unity/GUIStyleState_DirectConverter.cs' will not be compiled because it exists outside the Assets folder and does not to belong to any assembly definition file.
Script 'Packages/com.unity.visualscripting/Runtime/VisualScripting.Core/Collections/INotifyCollectionChanged.cs' will not be compiled because it exists outside the Assets folder and does not to belong to any assembly definition file.
Script 'Packages/com.unity.visualscripting/Runtime/VisualScripting.Flow/Framework/Variables/Obsolete/IsSceneVariableDefined.cs' will not be compiled because it exists outside the Assets folder and does not to belong to any assembly definition file.
Script 'Packages/com.unity.visualscripting/Runtime/VisualScripting.Core/Reflection/Operators/InvalidOperatorException.cs' will not be compiled because it exists outside the Assets folder and does not to belong to any assembly definition file.
Script 'Packages/com.unity.visualscripting/Runtime/VisualScripting.Flow/Framework/Control/IBranchUnit.cs' will not be compiled because it exists outside the Assets folder and does not to belong to any assembly definition file.
Script 'Packages/com.unity.visualscripting/Runtime/VisualScripting.Core/Reflection/Optimization/InstanceInvokerBase.cs' will not be compiled because it exists outside the Assets folder and does not to belong to any assembly definition file.
Script 'Packages/com.unity.visualscripting/Runtime/VisualScripting.Core/Profiling/ProfilingScope.cs' will not be compiled because it exists outside the Assets folder and does not to belong to any assembly definition file.
Script 'Packages/com.unity.visualscripting/Runtime/VisualScripting.Core/Unity/RequiresUnityAPIAttribute.cs' will not be compiled because it exists outside the Assets folder and does not to belong to any assembly definition file.
Script 'Packages/com.unity.visualscripting/Runtime/VisualScripting.Core/EditorBinding/Inspector/InspectorActionDirectionAttribute.cs' will not be compiled because it exists outside the Assets folder and does not to belong to any assembly definition file.
Script 'Packages/com.unity.visualscripting/Runtime/VisualScripting.Flow/Framework/Graph/ScriptGraphContainerType.cs' will not be compiled because it exists outside the Assets folder and does not to belong to any assembly definition file.
Script 'Packages/com.unity.visualscripting/Runtime/VisualScripting.Core/Collections/INotifiedCollectionItem.cs' will not be compiled because it exists outside the Assets folder and does not to belong to any assembly definition file.
Script 'Packages/com.unity.visualscripting/Runtime/VisualScripting.Flow/Framework/Events/Hierarchy/OnTransformChildrenChanged.cs' will not be compiled because it exists outside the Assets folder and does not to belong to any assembly definition file.
Script 'Packages/com.unity.visualscripting/Runtime/VisualScripting.Flow/Framework/Control/For.cs' will not be compiled because it exists outside the Assets folder and does not to belong to any assembly definition file.
Script 'Packages/com.unity.visualscripting/Runtime/VisualScripting.Flow/Framework/Math/Vector3/Vector3PerSecond.cs' will not be compiled because it exists outside the Assets folder and does not to belong to any assembly definition file.
Script 'Packages/com.unity.visualscripting/Runtime/VisualScripting.Core/Reflection/TypeFilter.cs' will not be compiled because it exists outside the Assets folder and does not to belong to any assembly definition file.
Script 'Packages/com.unity.visualscripting/Runtime/VisualScripting.Flow/Framework/Control/If.cs' will not be compiled because it exists outside the Assets folder and does not to belong to any assembly definition file.
Script 'Packages/com.unity.visualscripting/Runtime/VisualScripting.Core/Reflection/Optimization/InstanceFunctionInvoker_1.cs' will not be compiled because it exists outside the Assets folder and does not to belong to any assembly definition file.
Script 'Packages/com.unity.visualscripting/Runtime/VisualScripting.Flow/Framework/Variables/Obsolete/IsSavedVariableDefined.cs' will not be compiled because it exists outside the Assets folder and does not to belong to any assembly definition file.
Script 'Packages/com.unity.visualscripting/Runtime/VisualScripting.Flow/Framework/Math/Generic/GenericModulo.cs' will not be compiled because it exists outside the Assets folder and does not to belong to any assembly definition file.
Script 'Packages/com.unity.visualscripting/Runtime/VisualScripting.Core/Graphs/IGraphElementCollection.cs' will not be compiled because it exists outside the Assets folder and does not to belong to any assembly definition file.
Script 'Packages/com.unity.visualscripting/Runtime/VisualScripting.State/IStateTransitionDebugData.cs' will not be compiled because it exists outside the Assets folder and does not to belong to any assembly definition file.
Script 'Packages/com.unity.visualscripting/Runtime/VisualScripting.Core/Variables/SavedVariables.cs' will not be compiled because it exists outside the Assets folder and does not to belong to any assembly definition file.
Script 'Packages/com.unity.visualscripting/Runtime/VisualScripting.Flow/Framework/Graph/HasScriptGraph.cs' will not be compiled because it exists outside the Assets folder and does not to belong to any assembly definition file.
Script 'Packages/com.unity.visualscripting/Runtime/VisualScripting.Flow/Framework/Events/GUI/OnSubmit.cs' will not be compiled because it exists outside the Assets folder and does not to belong to any assembly definition file.
Script 'Packages/com.unity.visualscripting/Runtime/VisualScripting.Core/Graphs/IGraphElement.cs' will not be compiled because it exists outside the Assets folder and does not to belong to any assembly definition file.
Script 'Packages/com.unity.visualscripting/Runtime/VisualScripting.Flow/Framework/Events/Physics/OnCollisionStay.cs' will not be compiled because it exists outside the Assets folder and does not to belong to any assembly definition file.
Script 'Packages/com.unity.visualscripting/Runtime/VisualScripting.Flow/Dependencies/NCalc/EvaluationOption.cs' will not be compiled because it exists outside the Assets folder and does not to belong to any assembly definition file.
Script 'Packages/com.unity.visualscripting/Runtime/VisualScripting.Core/Collections/GuidCollection.cs' will not be compiled because it exists outside the Assets folder and does not to belong to any assembly definition file.
Script 'Packages/com.unity.visualscripting/Runtime/VisualScripting.Flow/Framework/Math/Generic/GenericSum.cs' will not be compiled because it exists outside the Assets folder and does not to belong to any assembly definition file.
Script 'Packages/com.unity.visualscripting/Runtime/VisualScripting.Flow/Dependencies/NCalc/EvaluationVisitor.cs' will not be compiled because it exists outside the Assets folder and does not to belong to any assembly definition file.
Script 'Packages/com.unity.visualscripting/Runtime/VisualScripting.Flow/Framework/Codebase/Expose.cs' will not be compiled because it exists outside the Assets folder and does not to belong to any assembly definition file.
Script 'Packages/com.unity.visualscripting/Runtime/VisualScripting.Core/Variables/ObjectVariables.cs' will not be compiled because it exists outside the Assets folder and does not to belong to any assembly definition file.
Script 'Packages/com.unity.visualscripting/Runtime/VisualScripting.Flow/Ports/IUnitOutputPortDefinition.cs' will not be compiled because it exists outside the Assets folder and does not to belong to any assembly definition file.
Script 'Packages/com.unity.visualscripting/Runtime/VisualScripting.Core/Reflection/TypeUtility.cs' will not be compiled because it exists outside the Assets folder and does not to belong to any assembly definition file.
Script 'Packages/com.unity.visualscripting/Runtime/VisualScripting.State/IStateTransition.cs' will not be compiled because it exists outside the Assets folder and does not to belong to any assembly definition file.
Script 'Packages/com.unity.visualscripting/Runtime/VisualScripting.Flow/Framework/This.cs' will not be compiled because it exists outside the Assets folder and does not to belong to any assembly definition file.
Script 'Packages/com.unity.visualscripting/Runtime/VisualScripting.Core/Events/EventBus.cs' will not be compiled because it exists outside the Assets folder and does not to belong to any assembly definition file.
Script 'Packages/com.unity.visualscripting/Runtime/VisualScripting.Core/Listeners/MonoBehaviour/UnityOnJointBreak2DMessageListener.cs' will not be compiled because it exists outside the Assets folder and does not to belong to any assembly definition file.
Script 'Packages/com.unity.visualscripting/Runtime/VisualScripting.Flow/Framework/Events/Physics/OnJointBreak.cs' will not be compiled because it exists outside the Assets folder and does not to belong to any assembly definition file.
Script 'Packages/com.unity.visualscripting/Runtime/VisualScripting.Core/Properties/AssemblyInfo.cs' will not be compiled because it exists outside the Assets folder and does not to belong to any assembly definition file.
Script 'Packages/com.unity.visualscripting/Runtime/VisualScripting.Core/Reflection/Operators/LeftShiftHandler.cs' will not be compiled because it exists outside the Assets folder and does not to belong to any assembly definition file.
Script 'Packages/com.unity.visualscripting/Runtime/VisualScripting.Core/EditorBinding/Inspector/InspectorLabelAttribute.cs' will not be compiled because it exists outside the Assets folder and does not to belong to any assembly definition file.
Script 'Packages/com.unity.visualscripting/Runtime/VisualScripting.Core/Reflection/Optimization/InstanceFunctionInvoker_2.cs' will not be compiled because it exists outside the Assets folder and does not to belong to any assembly definition file.
Script 'Packages/com.unity.visualscripting/Runtime/VisualScripting.Core/Profiling/ProfiledSegment.cs' will not be compiled because it exists outside the Assets folder and does not to belong to any assembly definition file.
Script 'Packages/com.unity.visualscripting/Runtime/VisualScripting.State/INesterStateTransition.cs' will not be compiled because it exists outside the Assets folder and does not to belong to any assembly definition file.
Script 'Packages/com.unity.visualscripting/Runtime/VisualScripting.Flow/Framework/Math/Vector3/Vector3Minimum.cs' will not be compiled because it exists outside the Assets folder and does not to belong to any assembly definition file.
Script 'Packages/com.unity.visualscripting/Runtime/VisualScripting.Core/Listeners/MonoBehaviour/UnityOnJointBreakMessageListener.cs' will not be compiled because it exists outside the Assets folder and does not to belong to any assembly definition file.
Script 'Packages/com.unity.visualscripting/Runtime/VisualScripting.Core/Dependencies/FullSerializer/Reflection/fsTypeCache.cs' will not be compiled because it exists outside the Assets folder and does not to belong to any assembly definition file.
Script 'Packages/com.unity.visualscripting/Runtime/VisualScripting.Core/Dependencies/FullSerializer/fsBaseConverter.cs' will not be compiled because it exists outside the Assets folder and does not to belong to any assembly definition file.
Script 'Packages/com.unity.visualscripting/Runtime/VisualScripting.Core/Dependencies/FullSerializer/Converters/Unity/Bounds_DirectConverter.cs' will not be compiled because it exists outside the Assets folder and does not to belong to any assembly definition file.
Script 'Packages/com.unity.visualscripting/Runtime/VisualScripting.Core/Reflection/Optimization/InstanceFunctionInvoker_3.cs' will not be compiled because it exists outside the Assets folder and does not to belong to any assembly definition file.
Script 'Packages/com.unity.visualscripting/Runtime/VisualScripting.Flow/Framework/Events/Physics/CollisionEventUnit.cs' will not be compiled because it exists outside the Assets folder and does not to belong to any assembly definition file.
Script 'Packages/com.unity.visualscripting/Runtime/VisualScripting.Flow/Framework/Math/Generic/GenericDivide.cs' will not be compiled because it exists outside the Assets folder and does not to belong to any assembly definition file.
Script 'Packages/com.unity.visualscripting/Runtime/VisualScripting.Flow/Framework/Variables/Obsolete/SetApplicationVariable.cs' will not be compiled because it exists outside the Assets folder and does not to belong to any assembly definition file.
Script 'Packages/com.unity.visualscripting/Runtime/VisualScripting.Core/Unity/LudiqScriptableObject.cs' will not be compiled because it exists outside the Assets folder and does not to belong to any assembly definition file.
Script 'Packages/com.unity.visualscripting/Runtime/VisualScripting.Core/Reflection/Operators/LessThanHandler.cs' will not be compiled because it exists outside the Assets folder and does not to belong to any assembly definition file.
Script 'Packages/com.unity.visualscripting/Runtime/VisualScripting.Core/Dependencies/FullSerializer/fsConfig.cs' will not be compiled because it exists outside the Assets folder and does not to belong to any assembly definition file.
Script 'Packages/com.unity.visualscripting/Runtime/VisualScripting.Flow/Framework/Control/Once.cs' will not be compiled because it exists outside the Assets folder and does not to belong to any assembly definition file.
Script 'Packages/com.unity.visualscripting/Runtime/VisualScripting.Core/Listeners/UIInterfaces/UnityOnDragMessageListener.cs' will not be compiled because it exists outside the Assets folder and does not to belong to any assembly definition file.
Script 'Packages/com.unity.visualscripting/Runtime/VisualScripting.State/Framework/Graph/HasStateGraph.cs' will not be compiled because it exists outside the Assets folder and does not to belong to any assembly definition file.
Script 'Packages/com.unity.visualscripting/Runtime/VisualScripting.Core/Collections/IKeyedCollection.cs' will not be compiled because it exists outside the Assets folder and does not to belong to any assembly definition file.
Script 'Packages/com.unity.visualscripting/Runtime/VisualScripting.Flow/Framework/Nulls/Null.cs' will not be compiled because it exists outside the Assets folder and does not to belong to any assembly definition file.
Script 'Packages/com.unity.visualscripting/Runtime/VisualScripting.Flow/Framework/Math/Vector2/DeprecatedVector2Add.cs' will not be compiled because it exists outside the Assets folder and does not to belong to any assembly definition file.
Script 'Packages/com.unity.visualscripting/Runtime/VisualScripting.Core/Dependencies/FullSerializer/fsAotCompilationManager.cs' will not be compiled because it exists outside the Assets folder and does not to belong to any assembly definition file.
Script 'Packages/com.unity.visualscripting/Runtime/VisualScripting.Flow/Framework/Variables/Obsolete/IsVariableDefinedUnit.cs' will not be compiled because it exists outside the Assets folder and does not to belong to any assembly definition file.
Script 'Packages/com.unity.visualscripting/Runtime/VisualScripting.Flow/Framework/Math/Vector3/Vector3Modulo.cs' will not be compiled because it exists outside the Assets folder and does not to belong to any assembly definition file.
Script 'Packages/com.unity.visualscripting/Runtime/VisualScripting.Core/Listeners/UIInterfaces/UnityOnDropMessageListener.cs' will not be compiled because it exists outside the Assets folder and does not to belong to any assembly definition file.
Script 'Packages/com.unity.visualscripting/Runtime/VisualScripting.Flow/Ports/IUnitValuePort.cs' will not be compiled because it exists outside the Assets folder and does not to belong to any assembly definition file.
Script 'Packages/com.unity.visualscripting/Runtime/VisualScripting.Core/Dependencies/FullSerializer/Reflection/fsReflectionUtility.cs' will not be compiled because it exists outside the Assets folder and does not to belong to any assembly definition file.
Script 'Packages/com.unity.visualscripting/Runtime/VisualScripting.Core/Events/EventHook.cs' will not be compiled because it exists outside the Assets folder and does not to belong to any assembly definition file.
Script 'Packages/com.unity.visualscripting/Runtime/VisualScripting.Core/Graphs/IGraphDebugData.cs' will not be compiled because it exists outside the Assets folder and does not to belong to any assembly definition file.
Script 'Packages/com.unity.visualscripting/Runtime/VisualScripting.Flow/Framework/Graph/HasGraph.cs' will not be compiled because it exists outside the Assets folder and does not to belong to any assembly definition file.
Script 'Packages/com.unity.visualscripting/Runtime/VisualScripting.Core/Variables/ApplicationVariables.cs' will not be compiled because it exists outside the Assets folder and does not to belong to any assembly definition file.
Script 'Packages/com.unity.visualscripting/Runtime/VisualScripting.Flow/Ports/InvalidInput.cs' will not be compiled because it exists outside the Assets folder and does not to belong to any assembly definition file.
Script 'Packages/com.unity.visualscripting/Runtime/VisualScripting.Flow/Ports/InvalidOutput.cs' will not be compiled because it exists outside the Assets folder and does not to belong to any assembly definition file.
Script 'Packages/com.unity.visualscripting/Runtime/VisualScripting.Flow/Framework/Codebase/GetMember.cs' will not be compiled because it exists outside the Assets folder and does not to belong to any assembly definition file.
Script 'Packages/com.unity.visualscripting/Runtime/VisualScripting.Flow/Framework/Math/Vector2/Vector2Angle.cs' will not be compiled because it exists outside the Assets folder and does not to belong to any assembly definition file.
Script 'Packages/com.unity.visualscripting/Runtime/VisualScripting.Flow/Dependencies/NCalc/IdentifierExpression.cs' will not be compiled because it exists outside the Assets folder and does not to belong to any assembly definition file.
Script 'Packages/com.unity.visualscripting/Runtime/VisualScripting.Core/Unity/IGizmoDrawer.cs' will not be compiled because it exists outside the Assets folder and does not to belong to any assembly definition file.
Script 'Packages/com.unity.visualscripting/Runtime/VisualScripting.Flow/Ports/IUnitValuePortDefinition.cs' will not be compiled because it exists outside the Assets folder and does not to belong to any assembly definition file.
Script 'Packages/com.unity.visualscripting/Runtime/VisualScripting.Core/Reflection/RenamedFromAttribute.cs' will not be compiled because it exists outside the Assets folder and does not to belong to any assembly definition file.
Script 'Packages/com.unity.visualscripting/Runtime/VisualScripting.Flow/Framework/Events/Application/OnApplicationResume.cs' will not be compiled because it exists outside the Assets folder and does not to belong to any assembly definition file.
Script 'Packages/com.unity.visualscripting/Runtime/VisualScripting.Core/EditorBinding/Inspector/InspectorAdaptiveWidthAttribute.cs' will not be compiled because it exists outside the Assets folder and does not to belong to any assembly definition file.
Script 'Packages/com.unity.visualscripting/Runtime/VisualScripting.Core/Graphs/IGraphElementDebugData.cs' will not be compiled because it exists outside the Assets folder and does not to belong to any assembly definition file.
Script 'Packages/com.unity.visualscripting/Runtime/VisualScripting.Core/Listeners/MonoBehaviour/UnityOnCollisionStay2DMessageListener.cs' will not be compiled because it exists outside the Assets folder and does not to belong to any assembly definition file.
Script 'Packages/com.unity.visualscripting/Runtime/VisualScripting.Core/Dependencies/FullSerializer/Reflection/fsMetaType.cs' will not be compiled because it exists outside the Assets folder and does not to belong to any assembly definition file.
Script 'Packages/com.unity.visualscripting/Runtime/VisualScripting.Flow/Framework/Events/GameObjectEventUnit.cs' will not be compiled because it exists outside the Assets folder and does not to belong to any assembly definition file.
Script 'Packages/com.unity.visualscripting/Runtime/VisualScripting.Core/Reflection/RenamedNamespaceAttribute.cs' will not be compiled because it exists outside the Assets folder and does not to belong to any assembly definition file.
Script 'Packages/com.unity.visualscripting/Runtime/VisualScripting.Core/Reflection/Optimization/InstanceFunctionInvoker_0.cs' will not be compiled because it exists outside the Assets folder and does not to belong to any assembly definition file.
Script 'Packages/com.unity.visualscripting/Runtime/VisualScripting.Core/Graphs/IGraphElementData.cs' will not be compiled because it exists outside the Assets folder and does not to belong to any assembly definition file.
Script 'Packages/com.unity.visualscripting/Runtime/VisualScripting.Flow/Framework/Events/Hierarchy/OnTransformParentChanged.cs' will not be compiled because it exists outside the Assets folder and does not to belong to any assembly definition file.
Script 'Packages/com.unity.visualscripting/Runtime/VisualScripting.State/NesterState.cs' will not be compiled because it exists outside the Assets folder and does not to belong to any assembly definition file.
Script 'Packages/com.unity.visualscripting/Runtime/VisualScripting.Core/Profiling/ProfiledSegmentCollection.cs' will not be compiled because it exists outside the Assets folder and does not to belong to any assembly definition file.
Script 'Packages/com.unity.visualscripting/Runtime/VisualScripting.Core/Graphs/IGraphData.cs' will not be compiled because it exists outside the Assets folder and does not to belong to any assembly definition file.
Script 'Packages/com.unity.visualscripting/Runtime/VisualScripting.Core/Utilities/XColor.cs' will not be compiled because it exists outside the Assets folder and does not to belong to any assembly definition file.
Script 'Packages/com.unity.visualscripting/Runtime/VisualScripting.Flow/Framework/Events/CustomEventArgs.cs' will not be compiled because it exists outside the Assets folder and does not to belong to any assembly definition file.
Script 'Packages/com.unity.visualscripting/Runtime/VisualScripting.Flow/Framework/Events/Physics/OnCollisionEnter.cs' will not be compiled because it exists outside the Assets folder and does not to belong to any assembly definition file.
Script 'Packages/com.unity.visualscripting/Runtime/VisualScripting.Core/Reflection/RuntimeCodebase.cs' will not be compiled because it exists outside the Assets folder and does not to belong to any assembly definition file.
Script 'Packages/com.unity.visualscripting/Runtime/VisualScripting.Core/Profiling/ProfilingUtility.cs' will not be compiled because it exists outside the Assets folder and does not to belong to any assembly definition file.
Script 'Packages/com.unity.visualscripting/Runtime/VisualScripting.Core/Dependencies/FullSerializer/Converters/Unity/GUIStyle_DirectConverter.cs' will not be compiled because it exists outside the Assets folder and does not to belong to any assembly definition file.
Script 'Packages/com.unity.visualscripting/Runtime/VisualScripting.Core/Collections/DebugDictionary.cs' will not be compiled because it exists outside the Assets folder and does not to belong to any assembly definition file.
Script 'Packages/com.unity.visualscripting/Runtime/VisualScripting.Flow/Framework/Math/Sum.cs' will not be compiled because it exists outside the Assets folder and does not to belong to any assembly definition file.
Script 'Packages/com.unity.visualscripting/Runtime/VisualScripting.Flow/Dependencies/NCalc/FunctionExpression.cs' will not be compiled because it exists outside the Assets folder and does not to belong to any assembly definition file.
Script 'Packages/com.unity.visualscripting/Runtime/VisualScripting.Core/Unity/MacroScriptableObject.cs' will not be compiled because it exists outside the Assets folder and does not to belong to any assembly definition file.
Script 'Packages/com.unity.visualscripting/Runtime/VisualScripting.Flow/Framework/Control/ForEach.cs' will not be compiled because it exists outside the Assets folder and does not to belong to any assembly definition file.
Script 'Packages/com.unity.visualscripting/Runtime/VisualScripting.Core/Reflection/Operators/LessThanOrEqualHandler.cs' will not be compiled because it exists outside the Assets folder and does not to belong to any assembly definition file.
Script 'Packages/com.unity.visualscripting/Runtime/VisualScripting.Core/Listeners/MonoBehaviour/UnityOnCollisionStayMessageListener.cs' will not be compiled because it exists outside the Assets folder and does not to belong to any assembly definition file.
Script 'Packages/com.unity.visualscripting/Runtime/VisualScripting.Core/Reflection/Operators/MultiplicationHandler.cs' will not be compiled because it exists outside the Assets folder and does not to belong to any assembly definition file.
Script 'Packages/com.unity.visualscripting/Runtime/VisualScripting.Flow/Framework/Math/Vector2/Vector2Absolute.cs' will not be compiled because it exists outside the Assets folder and does not to belong to any assembly definition file.
Script 'Packages/com.unity.visualscripting/Runtime/VisualScripting.Flow/Framework/Math/Vector3/Vector3MoveTowards.cs' will not be compiled because it exists outside the Assets folder and does not to belong to any assembly definition file.
Script 'Packages/com.unity.visualscripting/Runtime/VisualScripting.Flow/Ports/IUnitPort.cs' will not be compiled because it exists outside the Assets folder and does not to belong to any assembly definition file.
Script 'Packages/com.unity.visualscripting/Runtime/VisualScripting.Flow/Framework/Events/Physics/OnCollisionExit.cs' will not be compiled because it exists outside the Assets folder and does not to belong to any assembly definition file.
Script 'Packages/com.unity.visualscripting/Runtime/VisualScripting.Flow/Framework/Math/Vector3/Vector3Multiply.cs' will not be compiled because it exists outside the Assets folder and does not to belong to any assembly definition file.
Script 'Packages/com.unity.visualscripting/Runtime/VisualScripting.Core/Unity/IUnityObjectOwnable.cs' will not be compiled because it exists outside the Assets folder and does not to belong to any assembly definition file.
Script 'Packages/com.unity.visualscripting/Runtime/VisualScripting.Flow/Framework/Codebase/InvokeMember.cs' will not be compiled because it exists outside the Assets folder and does not to belong to any assembly definition file.
Script 'Packages/com.unity.visualscripting/Runtime/VisualScripting.Flow/Framework/Variables/Obsolete/SetObjectVariable.cs' will not be compiled because it exists outside the Assets folder and does not to belong to any assembly definition file.
Script 'Packages/com.unity.visualscripting/Runtime/VisualScripting.Flow/Framework/Events/GlobalEventUnit.cs' will not be compiled because it exists outside the Assets folder and does not to belong to any assembly definition file.
Script 'Packages/com.unity.visualscripting/Runtime/VisualScripting.Core/Collections/FlexibleDictionary.cs' will not be compiled because it exists outside the Assets folder and does not to belong to any assembly definition file.
Script 'Packages/com.unity.visualscripting/Runtime/VisualScripting.Core/Variables/InspectorVariableNameAttribute.cs' will not be compiled because it exists outside the Assets folder and does not to belong to any assembly definition file.
Script 'Packages/com.unity.visualscripting/Runtime/VisualScripting.Flow/Framework/Math/Lerp.cs' will not be compiled because it exists outside the Assets folder and does not to belong to any assembly definition file.
Script 'Packages/com.unity.visualscripting/Runtime/VisualScripting.Core/EditorBinding/Inspector/InspectorDelayedAttribute.cs' will not be compiled because it exists outside the Assets folder and does not to belong to any assembly definition file.
Script 'Packages/com.unity.visualscripting/Runtime/VisualScripting.Core/Graphs/IGraph.cs' will not be compiled because it exists outside the Assets folder and does not to belong to any assembly definition file.
Script 'Packages/com.unity.visualscripting/Runtime/VisualScripting.Core/Dependencies/FullSerializer/Converters/Unity/InputAction_DirectConverter.cs' will not be compiled because it exists outside the Assets folder and does not to belong to any assembly definition file.
Script 'Packages/com.unity.visualscripting/Runtime/VisualScripting.Core/Events/EmptyEventArgs.cs' will not be compiled because it exists outside the Assets folder and does not to belong to any assembly definition file.
Script 'Packages/com.unity.visualscripting/Runtime/VisualScripting.Core/Reflection/Optimization/InstanceFunctionInvoker_5.cs' will not be compiled because it exists outside the Assets folder and does not to belong to any assembly definition file.
Script 'Packages/com.unity.visualscripting/Runtime/VisualScripting.Flow/Ports/IUnitPortCollection.cs' will not be compiled because it exists outside the Assets folder and does not to belong to any assembly definition file.
Script 'Packages/com.unity.visualscripting/Runtime/VisualScripting.Core/Ensure/Extensions/XString.cs' will not be compiled because it exists outside the Assets folder and does not to belong to any assembly definition file.
Script 'Packages/com.unity.visualscripting/Runtime/VisualScripting.Core/Ensure/ExceptionMessages.cs' will not be compiled because it exists outside the Assets folder and does not to belong to any assembly definition file.
Script 'Packages/com.unity.visualscripting/Runtime/VisualScripting.Flow/Framework/Nulls/NullCheck.cs' will not be compiled because it exists outside the Assets folder and does not to belong to any assembly definition file.
Script 'Packages/com.unity.visualscripting/Runtime/VisualScripting.Flow/Framework/Graph/SetGraph.cs' will not be compiled because it exists outside the Assets folder and does not to belong to any assembly definition file.
Script 'Packages/com.unity.visualscripting/Runtime/VisualScripting.Flow/Framework/Events/Physics/OnControllerColliderHit.cs' will not be compiled because it exists outside the Assets folder and does not to belong to any assembly definition file.
Script 'Packages/com.unity.visualscripting/Runtime/VisualScripting.Flow/Framework/Math/Generic/GenericMultiply.cs' will not be compiled because it exists outside the Assets folder and does not to belong to any assembly definition file.
Script 'Packages/com.unity.visualscripting/Runtime/VisualScripting.Flow/Framework/Time/Cooldown.cs' will not be compiled because it exists outside the Assets folder and does not to belong to any assembly definition file.
Script 'Packages/com.unity.visualscripting/Runtime/VisualScripting.Core/Reflection/Optimization/InstanceFunctionInvoker_4.cs' will not be compiled because it exists outside the Assets folder and does not to belong to any assembly definition file.
Script 'Packages/com.unity.visualscripting/Runtime/VisualScripting.Core/Dependencies/FullSerializer/Converters/Unity/AnimationCurve_DirectConverter.cs' will not be compiled because it exists outside the Assets folder and does not to belong to any assembly definition file.
Script 'Packages/com.unity.visualscripting/Runtime/VisualScripting.Core/Reflection/ActionDirection.cs' will not be compiled because it exists outside the Assets folder and does not to belong to any assembly definition file.
Script 'Packages/com.unity.visualscripting/Runtime/VisualScripting.Flow/Framework/Codebase/SetMember.cs' will not be compiled because it exists outside the Assets folder and does not to belong to any assembly definition file.
Script 'Packages/com.unity.visualscripting/Runtime/VisualScripting.Core/Unity/ISingleton.cs' will not be compiled because it exists outside the Assets folder and does not to belong to any assembly definition file.
Script 'Packages/com.unity.visualscripting/Runtime/VisualScripting.Flow/Framework/Logic/And.cs' will not be compiled because it exists outside the Assets folder and does not to belong to any assembly definition file.
Script 'Packages/com.unity.visualscripting/Runtime/VisualScripting.Flow/Framework/Control/ISelectUnit.cs' will not be compiled because it exists outside the Assets folder and does not to belong to any assembly definition file.
Script 'Packages/com.unity.visualscripting/Runtime/VisualScripting.Flow/Framework/Control/LoopUnit.cs' will not be compiled because it exists outside the Assets folder and does not to belong to any assembly definition file.
Script 'Packages/com.unity.visualscripting/Runtime/VisualScripting.Flow/Framework/Events/BoltUnityEvent.cs' will not be compiled because it exists outside the Assets folder and does not to belong to any assembly definition file.
Script 'Packages/com.unity.visualscripting/Runtime/VisualScripting.Core/Unity/LudiqBehaviour.cs' will not be compiled because it exists outside the Assets folder and does not to belong to any assembly definition file.
Script 'Packages/com.unity.visualscripting/Runtime/VisualScripting.Core/Listeners/MonoBehaviour/UnityOnControllerColliderHitMessageListener.cs' will not be compiled because it exists outside the Assets folder and does not to belong to any assembly definition file.
Script 'Packages/com.unity.visualscripting/Runtime/VisualScripting.Flow/Framework/Variables/Obsolete/SetGraphVariable.cs' will not be compiled because it exists outside the Assets folder and does not to belong to any assembly definition file.
Script 'Packages/com.unity.visualscripting/Runtime/VisualScripting.Flow/Framework/Events/Navigation/OnDestinationReached.cs' will not be compiled because it exists outside the Assets folder and does not to belong to any assembly definition file.
Script 'Packages/com.unity.visualscripting/Runtime/VisualScripting.Flow/Framework/Events/GUI/PointerEventUnit.cs' will not be compiled because it exists outside the Assets folder and does not to belong to any assembly definition file.
Script 'Packages/com.unity.visualscripting/Runtime/VisualScripting.Flow/Framework/Events/Application/OnApplicationQuit.cs' will not be compiled because it exists outside the Assets folder and does not to belong to any assembly definition file.
Script 'Packages/com.unity.visualscripting/Runtime/VisualScripting.State/INesterState.cs' will not be compiled because it exists outside the Assets folder and does not to belong to any assembly definition file.
Script 'Packages/com.unity.visualscripting/Runtime/VisualScripting.Core/Variables/IGraphWithVariables.cs' will not be compiled because it exists outside the Assets folder and does not to belong to any assembly definition file.
Script 'Packages/com.unity.visualscripting/Runtime/VisualScripting.Flow/Framework/Codebase/CreateStruct.cs' will not be compiled because it exists outside the Assets folder and does not to belong to any assembly definition file.
Script 'Packages/com.unity.visualscripting/Runtime/VisualScripting.State/IState.cs' will not be compiled because it exists outside the Assets folder and does not to belong to any assembly definition file.
Script 'Packages/com.unity.visualscripting/Runtime/VisualScripting.Core/EditorBinding/Inspector/InspectorExpandTooltipAttribute.cs' will not be compiled because it exists outside the Assets folder and does not to belong to any assembly definition file.
Script 'Packages/com.unity.visualscripting/Runtime/VisualScripting.Flow/Framework/Math/Subtract.cs' will not be compiled because it exists outside the Assets folder and does not to belong to any assembly definition file.
Script 'Packages/com.unity.visualscripting/Runtime/VisualScripting.Flow/Framework/Nulls/NullCoalesce.cs' will not be compiled because it exists outside the Assets folder and does not to belong to any assembly definition file.
Script 'Packages/com.unity.visualscripting/Runtime/VisualScripting.Core/Reflection/Operators/ModuloHandler.cs' will not be compiled because it exists outside the Assets folder and does not to belong to any assembly definition file.
Script 'Packages/com.unity.visualscripting/Runtime/VisualScripting.Core/Dependencies/FullSerializer/Converters/Unity/Gradient_DirectConverter.cs' will not be compiled because it exists outside the Assets folder and does not to belong to any assembly definition file.
Script 'Packages/com.unity.visualscripting/Runtime/VisualScripting.Flow/Framework/Math/Generic/DeprecatedGenericAdd.cs' will not be compiled because it exists outside the Assets folder and does not to belong to any assembly definition file.
Script 'Packages/com.unity.visualscripting/Runtime/VisualScripting.Core/Reflection/TypeQualifier.cs' will not be compiled because it exists outside the Assets folder and does not to belong to any assembly definition file.
Script 'Packages/com.unity.visualscripting/Runtime/VisualScripting.Core/Dependencies/FullSerializer/Reflection/fsMetaProperty.cs' will not be compiled because it exists outside the Assets folder and does not to belong to any assembly definition file.
Script 'Packages/com.unity.visualscripting/Runtime/VisualScripting.Core/Reflection/TypeName.cs' will not be compiled because it exists outside the Assets folder and does not to belong to any assembly definition file.
Script 'Packages/com.unity.visualscripting/Runtime/VisualScripting.Core/Variables/IGraphDataWithVariables.cs' will not be compiled because it exists outside the Assets folder and does not to belong to any assembly definition file.
Script 'Packages/com.unity.visualscripting/Runtime/VisualScripting.Flow/Framework/Math/Maximum.cs' will not be compiled because it exists outside the Assets folder and does not to belong to any assembly definition file.
Script 'Packages/com.unity.visualscripting/Runtime/VisualScripting.Core/EditorBinding/Inspector/InspectViaImplementationsAttribute.cs' will not be compiled because it exists outside the Assets folder and does not to belong to any assembly definition file.
Script 'Packages/com.unity.visualscripting/Runtime/VisualScripting.Flow/FlowGraphData.cs' will not be compiled because it exists outside the Assets folder and does not to belong to any assembly definition file.
Script 'Packages/com.unity.visualscripting/Runtime/VisualScripting.Flow/Dependencies/NCalc/Expression.cs' will not be compiled because it exists outside the Assets folder and does not to belong to any assembly definition file.
Script 'Packages/com.unity.visualscripting/Runtime/VisualScripting.Flow/Framework/Codebase/MemberUnit.cs' will not be compiled because it exists outside the Assets folder and does not to belong to any assembly definition file.
Script 'Packages/com.unity.visualscripting/Runtime/VisualScripting.Core/Listeners/UIInterfaces/UnityOnDeselectMessageListener.cs' will not be compiled because it exists outside the Assets folder and does not to belong to any assembly definition file.
========================================================================
Worker process is ready to serve import requests
Import Worker Mode flag is 0x00
Script 'Packages/com.unity.visualscripting/Runtime/VisualScripting.Flow/Framework/Events/GUI/OnToggleValueChanged.cs' will not be compiled because it exists outside the Assets folder and does not to belong to any assembly definition file.
Script 'Packages/com.unity.visualscripting/Runtime/VisualScripting.Flow/Framework/Events/CustomEvent.cs' will not be compiled because it exists outside the Assets folder and does not to belong to any assembly definition file.
Script 'Packages/com.unity.visualscripting/Runtime/VisualScripting.Core/Listeners/UIInterfaces/UnityOnEndDragMessageListener.cs' will not be compiled because it exists outside the Assets folder and does not to belong to any assembly definition file.
Script 'Packages/com.unity.visualscripting/Runtime/VisualScripting.Core/Reflection/Operators/LogicalNegationHandler.cs' will not be compiled because it exists outside the Assets folder and does not to belong to any assembly definition file.
Script 'Packages/com.unity.visualscripting/Runtime/VisualScripting.Core/Listeners/UIInterfaces/UnityOnMoveMessageListener.cs' will not be compiled because it exists outside the Assets folder and does not to belong to any assembly definition file.
Script 'Packages/com.unity.visualscripting/Runtime/VisualScripting.Flow/Framework/Control/Cache.cs' will not be compiled because it exists outside the Assets folder and does not to belong to any assembly definition file.
Script 'Packages/com.unity.visualscripting/Runtime/VisualScripting.Flow/Framework/Literal.cs' will not be compiled because it exists outside the Assets folder and does not to belong to any assembly definition file.
Script 'Packages/com.unity.visualscripting/Runtime/VisualScripting.Core/Listeners/UIInterfaces/UnityOnPointerClickMessageListener.cs' will not be compiled because it exists outside the Assets folder and does not to belong to any assembly definition file.
Script 'Packages/com.unity.visualscripting/Runtime/VisualScripting.Flow/Framework/Math/Scalar/ScalarSum.cs' will not be compiled because it exists outside the Assets folder and does not to belong to any assembly definition file.
Script 'Packages/com.unity.visualscripting/Runtime/VisualScripting.Flow/Ports/IUnitPortDefinition.cs' will not be compiled because it exists outside the Assets folder and does not to belong to any assembly definition file.
Script 'Packages/com.unity.visualscripting/Runtime/VisualScripting.Flow/Framework/Math/Vector3/Vector3Normalize.cs' will not be compiled because it exists outside the Assets folder and does not to belong to any assembly definition file.
Script 'Packages/com.unity.visualscripting/Runtime/VisualScripting.State/IStateDebugData.cs' will not be compiled because it exists outside the Assets folder and does not to belong to any assembly definition file.
Script 'Packages/com.unity.visualscripting/Runtime/VisualScripting.Flow/Framework/Variables/Obsolete/IsObjectVariableDefined.cs' will not be compiled because it exists outside the Assets folder and does not to belong to any assembly definition file.
Script 'Packages/com.unity.visualscripting/Runtime/VisualScripting.Flow/Framework/Time/Timer.cs' will not be compiled because it exists outside the Assets folder and does not to belong to any assembly definition file.
Script 'Packages/com.unity.visualscripting/Runtime/VisualScripting.Flow/Framework/Math/Generic/GenericSubtract.cs' will not be compiled because it exists outside the Assets folder and does not to belong to any assembly definition file.
Script 'Packages/com.unity.visualscripting/Runtime/VisualScripting.Core/Listeners/MonoBehaviour/UnityOnCollisionExitMessageListener.cs' will not be compiled because it exists outside the Assets folder and does not to belong to any assembly definition file.
Script 'Packages/com.unity.visualscripting/Runtime/VisualScripting.Flow/Framework/Math/Vector2/Vector2Average.cs' will not be compiled because it exists outside the Assets folder and does not to belong to any assembly definition file.
Script 'Packages/com.unity.visualscripting/Runtime/VisualScripting.Flow/Dependencies/NCalc/EvaluationException.cs' will not be compiled because it exists outside the Assets folder and does not to belong to any assembly definition file.
Script 'Packages/com.unity.visualscripting/Runtime/VisualScripting.Flow/Framework/Math/Vector3/Vector3Maximum.cs' will not be compiled because it exists outside the Assets folder and does not to belong to any assembly definition file.
Script 'Packages/com.unity.visualscripting/Runtime/VisualScripting.Core/Ensure/Extensions/XComparable.cs' will not be compiled because it exists outside the Assets folder and does not to belong to any assembly definition file.
Script 'Packages/com.unity.visualscripting/Runtime/VisualScripting.Flow/Dependencies/NCalc/FunctionArgs.cs' will not be compiled because it exists outside the Assets folder and does not to belong to any assembly definition file.
Script 'Packages/com.unity.visualscripting/Runtime/VisualScripting.Core/Collections/IMergedCollection.cs' will not be compiled because it exists outside the Assets folder and does not to belong to any assembly definition file.
Script 'Packages/com.unity.visualscripting/Runtime/VisualScripting.Core/Listeners/UIInterfaces/UnityOnCancelMessageListener.cs' will not be compiled because it exists outside the Assets folder and does not to belong to any assembly definition file.
Script 'Packages/com.unity.visualscripting/Runtime/VisualScripting.Core/Listeners/MonoBehaviour/UnityOnMouseDownMessageListener.cs' will not be compiled because it exists outside the Assets folder and does not to belong to any assembly definition file.
Script 'Packages/com.unity.visualscripting/Runtime/VisualScripting.Core/EditorBinding/InspectableIfAttribute.cs' will not be compiled because it exists outside the Assets folder and does not to belong to any assembly definition file.
Script 'Packages/com.unity.visualscripting/Runtime/VisualScripting.Flow/Framework/Graph/SetScriptGraph.cs' will not be compiled because it exists outside the Assets folder and does not to belong to any assembly definition file.
Script 'Packages/com.unity.visualscripting/Runtime/VisualScripting.Core/Reflection/TypeNameDetail.cs' will not be compiled because it exists outside the Assets folder and does not to belong to any assembly definition file.
Script 'Packages/com.unity.visualscripting/Runtime/VisualScripting.Core/Reflection/Optimization/InstanceFunctionInvokerBase.cs' will not be compiled because it exists outside the Assets folder and does not to belong to any assembly definition file.
Script 'Packages/com.unity.visualscripting/Runtime/VisualScripting.Core/Dependencies/FullSerializer/Converters/Unity/GUIStyleState_DirectConverter.cs' will not be compiled because it exists outside the Assets folder and does not to belong to any assembly definition file.
Script 'Packages/com.unity.visualscripting/Runtime/VisualScripting.Core/Collections/INotifyCollectionChanged.cs' will not be compiled because it exists outside the Assets folder and does not to belong to any assembly definition file.
Script 'Packages/com.unity.visualscripting/Runtime/VisualScripting.Flow/Framework/Variables/Obsolete/IsSceneVariableDefined.cs' will not be compiled because it exists outside the Assets folder and does not to belong to any assembly definition file.
Script 'Packages/com.unity.visualscripting/Runtime/VisualScripting.Core/Reflection/Operators/InvalidOperatorException.cs' will not be compiled because it exists outside the Assets folder and does not to belong to any assembly definition file.
Script 'Packages/com.unity.visualscripting/Runtime/VisualScripting.Flow/Framework/Control/IBranchUnit.cs' will not be compiled because it exists outside the Assets folder and does not to belong to any assembly definition file.
Script 'Packages/com.unity.visualscripting/Runtime/VisualScripting.Core/Reflection/Optimization/InstanceInvokerBase.cs' will not be compiled because it exists outside the Assets folder and does not to belong to any assembly definition file.
Script 'Packages/com.unity.visualscripting/Runtime/VisualScripting.Core/Profiling/ProfilingScope.cs' will not be compiled because it exists outside the Assets folder and does not to belong to any assembly definition file.
Script 'Packages/com.unity.visualscripting/Runtime/VisualScripting.Core/Unity/RequiresUnityAPIAttribute.cs' will not be compiled because it exists outside the Assets folder and does not to belong to any assembly definition file.
Script 'Packages/com.unity.visualscripting/Runtime/VisualScripting.Core/EditorBinding/Inspector/InspectorActionDirectionAttribute.cs' will not be compiled because it exists outside the Assets folder and does not to belong to any assembly definition file.
Script 'Packages/com.unity.visualscripting/Runtime/VisualScripting.Flow/Framework/Graph/ScriptGraphContainerType.cs' will not be compiled because it exists outside the Assets folder and does not to belong to any assembly definition file.
Script 'Packages/com.unity.visualscripting/Runtime/VisualScripting.Core/Collections/INotifiedCollectionItem.cs' will not be compiled because it exists outside the Assets folder and does not to belong to any assembly definition file.
Script 'Packages/com.unity.visualscripting/Runtime/VisualScripting.Flow/Framework/Events/Hierarchy/OnTransformChildrenChanged.cs' will not be compiled because it exists outside the Assets folder and does not to belong to any assembly definition file.
Script 'Packages/com.unity.visualscripting/Runtime/VisualScripting.Flow/Framework/Control/For.cs' will not be compiled because it exists outside the Assets folder and does not to belong to any assembly definition file.
Script 'Packages/com.unity.visualscripting/Runtime/VisualScripting.Flow/Framework/Math/Vector3/Vector3PerSecond.cs' will not be compiled because it exists outside the Assets folder and does not to belong to any assembly definition file.
Script 'Packages/com.unity.visualscripting/Runtime/VisualScripting.Core/Reflection/TypeFilter.cs' will not be compiled because it exists outside the Assets folder and does not to belong to any assembly definition file.
Script 'Packages/com.unity.visualscripting/Runtime/VisualScripting.Flow/Framework/Control/If.cs' will not be compiled because it exists outside the Assets folder and does not to belong to any assembly definition file.
Script 'Packages/com.unity.visualscripting/Runtime/VisualScripting.Core/Reflection/Optimization/InstanceFunctionInvoker_1.cs' will not be compiled because it exists outside the Assets folder and does not to belong to any assembly definition file.
Script 'Packages/com.unity.visualscripting/Runtime/VisualScripting.Flow/Framework/Variables/Obsolete/IsSavedVariableDefined.cs' will not be compiled because it exists outside the Assets folder and does not to belong to any assembly definition file.
Script 'Packages/com.unity.visualscripting/Runtime/VisualScripting.Flow/Framework/Math/Generic/GenericModulo.cs' will not be compiled because it exists outside the Assets folder and does not to belong to any assembly definition file.
Script 'Packages/com.unity.visualscripting/Runtime/VisualScripting.Core/Graphs/IGraphElementCollection.cs' will not be compiled because it exists outside the Assets folder and does not to belong to any assembly definition file.
Script 'Packages/com.unity.visualscripting/Runtime/VisualScripting.State/IStateTransitionDebugData.cs' will not be compiled because it exists outside the Assets folder and does not to belong to any assembly definition file.
Script 'Packages/com.unity.visualscripting/Runtime/VisualScripting.Core/Variables/SavedVariables.cs' will not be compiled because it exists outside the Assets folder and does not to belong to any assembly definition file.
Script 'Packages/com.unity.visualscripting/Runtime/VisualScripting.Flow/Framework/Graph/HasScriptGraph.cs' will not be compiled because it exists outside the Assets folder and does not to belong to any assembly definition file.
Script 'Packages/com.unity.visualscripting/Runtime/VisualScripting.Flow/Framework/Events/GUI/OnSubmit.cs' will not be compiled because it exists outside the Assets folder and does not to belong to any assembly definition file.
Script 'Packages/com.unity.visualscripting/Runtime/VisualScripting.Core/Graphs/IGraphElement.cs' will not be compiled because it exists outside the Assets folder and does not to belong to any assembly definition file.
Script 'Packages/com.unity.visualscripting/Runtime/VisualScripting.Flow/Framework/Events/Physics/OnCollisionStay.cs' will not be compiled because it exists outside the Assets folder and does not to belong to any assembly definition file.
Script 'Packages/com.unity.visualscripting/Runtime/VisualScripting.Flow/Dependencies/NCalc/EvaluationOption.cs' will not be compiled because it exists outside the Assets folder and does not to belong to any assembly definition file.
Script 'Packages/com.unity.visualscripting/Runtime/VisualScripting.Core/Collections/GuidCollection.cs' will not be compiled because it exists outside the Assets folder and does not to belong to any assembly definition file.
Script 'Packages/com.unity.visualscripting/Runtime/VisualScripting.Flow/Framework/Math/Generic/GenericSum.cs' will not be compiled because it exists outside the Assets folder and does not to belong to any assembly definition file.
Script 'Packages/com.unity.visualscripting/Runtime/VisualScripting.Flow/Dependencies/NCalc/EvaluationVisitor.cs' will not be compiled because it exists outside the Assets folder and does not to belong to any assembly definition file.
Script 'Packages/com.unity.visualscripting/Runtime/VisualScripting.Flow/Framework/Codebase/Expose.cs' will not be compiled because it exists outside the Assets folder and does not to belong to any assembly definition file.
Script 'Packages/com.unity.visualscripting/Runtime/VisualScripting.Core/Variables/ObjectVariables.cs' will not be compiled because it exists outside the Assets folder and does not to belong to any assembly definition file.
Script 'Packages/com.unity.visualscripting/Runtime/VisualScripting.Flow/Ports/IUnitOutputPortDefinition.cs' will not be compiled because it exists outside the Assets folder and does not to belong to any assembly definition file.
Script 'Packages/com.unity.visualscripting/Runtime/VisualScripting.Core/Reflection/TypeUtility.cs' will not be compiled because it exists outside the Assets folder and does not to belong to any assembly definition file.
Script 'Packages/com.unity.visualscripting/Runtime/VisualScripting.State/IStateTransition.cs' will not be compiled because it exists outside the Assets folder and does not to belong to any assembly definition file.
Script 'Packages/com.unity.visualscripting/Runtime/VisualScripting.Flow/Framework/This.cs' will not be compiled because it exists outside the Assets folder and does not to belong to any assembly definition file.
Script 'Packages/com.unity.visualscripting/Runtime/VisualScripting.Core/Events/EventBus.cs' will not be compiled because it exists outside the Assets folder and does not to belong to any assembly definition file.
Script 'Packages/com.unity.visualscripting/Runtime/VisualScripting.Core/Listeners/MonoBehaviour/UnityOnJointBreak2DMessageListener.cs' will not be compiled because it exists outside the Assets folder and does not to belong to any assembly definition file.
Script 'Packages/com.unity.visualscripting/Runtime/VisualScripting.Flow/Framework/Events/Physics/OnJointBreak.cs' will not be compiled because it exists outside the Assets folder and does not to belong to any assembly definition file.
Script 'Packages/com.unity.visualscripting/Runtime/VisualScripting.Core/Properties/AssemblyInfo.cs' will not be compiled because it exists outside the Assets folder and does not to belong to any assembly definition file.
Script 'Packages/com.unity.visualscripting/Runtime/VisualScripting.Core/Reflection/Operators/LeftShiftHandler.cs' will not be compiled because it exists outside the Assets folder and does not to belong to any assembly definition file.
Script 'Packages/com.unity.visualscripting/Runtime/VisualScripting.Core/EditorBinding/Inspector/InspectorLabelAttribute.cs' will not be compiled because it exists outside the Assets folder and does not to belong to any assembly definition file.
Script 'Packages/com.unity.visualscripting/Runtime/VisualScripting.Core/Reflection/Optimization/InstanceFunctionInvoker_2.cs' will not be compiled because it exists outside the Assets folder and does not to belong to any assembly definition file.
Script 'Packages/com.unity.visualscripting/Runtime/VisualScripting.Core/Profiling/ProfiledSegment.cs' will not be compiled because it exists outside the Assets folder and does not to belong to any assembly definition file.
Script 'Packages/com.unity.visualscripting/Runtime/VisualScripting.State/INesterStateTransition.cs' will not be compiled because it exists outside the Assets folder and does not to belong to any assembly definition file.
Script 'Packages/com.unity.visualscripting/Runtime/VisualScripting.Flow/Framework/Math/Vector3/Vector3Minimum.cs' will not be compiled because it exists outside the Assets folder and does not to belong to any assembly definition file.
Script 'Packages/com.unity.visualscripting/Runtime/VisualScripting.Core/Listeners/MonoBehaviour/UnityOnJointBreakMessageListener.cs' will not be compiled because it exists outside the Assets folder and does not to belong to any assembly definition file.
Script 'Packages/com.unity.visualscripting/Runtime/VisualScripting.Core/Dependencies/FullSerializer/Reflection/fsTypeCache.cs' will not be compiled because it exists outside the Assets folder and does not to belong to any assembly definition file.
Script 'Packages/com.unity.visualscripting/Runtime/VisualScripting.Core/Dependencies/FullSerializer/fsBaseConverter.cs' will not be compiled because it exists outside the Assets folder and does not to belong to any assembly definition file.
Script 'Packages/com.unity.visualscripting/Runtime/VisualScripting.Core/Dependencies/FullSerializer/Converters/Unity/Bounds_DirectConverter.cs' will not be compiled because it exists outside the Assets folder and does not to belong to any assembly definition file.
Script 'Packages/com.unity.visualscripting/Runtime/VisualScripting.Core/Reflection/Optimization/InstanceFunctionInvoker_3.cs' will not be compiled because it exists outside the Assets folder and does not to belong to any assembly definition file.
Script 'Packages/com.unity.visualscripting/Runtime/VisualScripting.Flow/Framework/Events/Physics/CollisionEventUnit.cs' will not be compiled because it exists outside the Assets folder and does not to belong to any assembly definition file.
Script 'Packages/com.unity.visualscripting/Runtime/VisualScripting.Flow/Framework/Math/Generic/GenericDivide.cs' will not be compiled because it exists outside the Assets folder and does not to belong to any assembly definition file.
Script 'Packages/com.unity.visualscripting/Runtime/VisualScripting.Flow/Framework/Variables/Obsolete/SetApplicationVariable.cs' will not be compiled because it exists outside the Assets folder and does not to belong to any assembly definition file.
Script 'Packages/com.unity.visualscripting/Runtime/VisualScripting.Core/Unity/LudiqScriptableObject.cs' will not be compiled because it exists outside the Assets folder and does not to belong to any assembly definition file.
Script 'Packages/com.unity.visualscripting/Runtime/VisualScripting.Core/Reflection/Operators/LessThanHandler.cs' will not be compiled because it exists outside the Assets folder and does not to belong to any assembly definition file.
Script 'Packages/com.unity.visualscripting/Runtime/VisualScripting.Core/Dependencies/FullSerializer/fsConfig.cs' will not be compiled because it exists outside the Assets folder and does not to belong to any assembly definition file.
Script 'Packages/com.unity.visualscripting/Runtime/VisualScripting.Flow/Framework/Control/Once.cs' will not be compiled because it exists outside the Assets folder and does not to belong to any assembly definition file.
Script 'Packages/com.unity.visualscripting/Runtime/VisualScripting.Core/Listeners/UIInterfaces/UnityOnDragMessageListener.cs' will not be compiled because it exists outside the Assets folder and does not to belong to any assembly definition file.
Script 'Packages/com.unity.visualscripting/Runtime/VisualScripting.State/Framework/Graph/HasStateGraph.cs' will not be compiled because it exists outside the Assets folder and does not to belong to any assembly definition file.
Script 'Packages/com.unity.visualscripting/Runtime/VisualScripting.Core/Collections/IKeyedCollection.cs' will not be compiled because it exists outside the Assets folder and does not to belong to any assembly definition file.
Script 'Packages/com.unity.visualscripting/Runtime/VisualScripting.Flow/Framework/Nulls/Null.cs' will not be compiled because it exists outside the Assets folder and does not to belong to any assembly definition file.
Script 'Packages/com.unity.visualscripting/Runtime/VisualScripting.Flow/Framework/Math/Vector2/DeprecatedVector2Add.cs' will not be compiled because it exists outside the Assets folder and does not to belong to any assembly definition file.
Script 'Packages/com.unity.visualscripting/Runtime/VisualScripting.Core/Dependencies/FullSerializer/fsAotCompilationManager.cs' will not be compiled because it exists outside the Assets folder and does not to belong to any assembly definition file.
Script 'Packages/com.unity.visualscripting/Runtime/VisualScripting.Flow/Framework/Variables/Obsolete/IsVariableDefinedUnit.cs' will not be compiled because it exists outside the Assets folder and does not to belong to any assembly definition file.
Script 'Packages/com.unity.visualscripting/Runtime/VisualScripting.Flow/Framework/Math/Vector3/Vector3Modulo.cs' will not be compiled because it exists outside the Assets folder and does not to belong to any assembly definition file.
Script 'Packages/com.unity.visualscripting/Runtime/VisualScripting.Core/Listeners/UIInterfaces/UnityOnDropMessageListener.cs' will not be compiled because it exists outside the Assets folder and does not to belong to any assembly definition file.
Script 'Packages/com.unity.visualscripting/Runtime/VisualScripting.Flow/Ports/IUnitValuePort.cs' will not be compiled because it exists outside the Assets folder and does not to belong to any assembly definition file.
Script 'Packages/com.unity.visualscripting/Runtime/VisualScripting.Core/Dependencies/FullSerializer/Reflection/fsReflectionUtility.cs' will not be compiled because it exists outside the Assets folder and does not to belong to any assembly definition file.
Script 'Packages/com.unity.visualscripting/Runtime/VisualScripting.Core/Events/EventHook.cs' will not be compiled because it exists outside the Assets folder and does not to belong to any assembly definition file.
Script 'Packages/com.unity.visualscripting/Runtime/VisualScripting.Core/Graphs/IGraphDebugData.cs' will not be compiled because it exists outside the Assets folder and does not to belong to any assembly definition file.
Script 'Packages/com.unity.visualscripting/Runtime/VisualScripting.Flow/Framework/Graph/HasGraph.cs' will not be compiled because it exists outside the Assets folder and does not to belong to any assembly definition file.
Script 'Packages/com.unity.visualscripting/Runtime/VisualScripting.Core/Variables/ApplicationVariables.cs' will not be compiled because it exists outside the Assets folder and does not to belong to any assembly definition file.
Script 'Packages/com.unity.visualscripting/Runtime/VisualScripting.Flow/Ports/InvalidInput.cs' will not be compiled because it exists outside the Assets folder and does not to belong to any assembly definition file.
Script 'Packages/com.unity.visualscripting/Runtime/VisualScripting.Flow/Ports/InvalidOutput.cs' will not be compiled because it exists outside the Assets folder and does not to belong to any assembly definition file.
Script 'Packages/com.unity.visualscripting/Runtime/VisualScripting.Flow/Framework/Codebase/GetMember.cs' will not be compiled because it exists outside the Assets folder and does not to belong to any assembly definition file.
Script 'Packages/com.unity.visualscripting/Runtime/VisualScripting.Flow/Framework/Math/Vector2/Vector2Angle.cs' will not be compiled because it exists outside the Assets folder and does not to belong to any assembly definition file.
Script 'Packages/com.unity.visualscripting/Runtime/VisualScripting.Flow/Dependencies/NCalc/IdentifierExpression.cs' will not be compiled because it exists outside the Assets folder and does not to belong to any assembly definition file.
Script 'Packages/com.unity.visualscripting/Runtime/VisualScripting.Core/Unity/IGizmoDrawer.cs' will not be compiled because it exists outside the Assets folder and does not to belong to any assembly definition file.
Script 'Packages/com.unity.visualscripting/Runtime/VisualScripting.Flow/Ports/IUnitValuePortDefinition.cs' will not be compiled because it exists outside the Assets folder and does not to belong to any assembly definition file.
Script 'Packages/com.unity.visualscripting/Runtime/VisualScripting.Core/Reflection/RenamedFromAttribute.cs' will not be compiled because it exists outside the Assets folder and does not to belong to any assembly definition file.
Script 'Packages/com.unity.visualscripting/Runtime/VisualScripting.Flow/Framework/Events/Application/OnApplicationResume.cs' will not be compiled because it exists outside the Assets folder and does not to belong to any assembly definition file.
Script 'Packages/com.unity.visualscripting/Runtime/VisualScripting.Core/EditorBinding/Inspector/InspectorAdaptiveWidthAttribute.cs' will not be compiled because it exists outside the Assets folder and does not to belong to any assembly definition file.
Script 'Packages/com.unity.visualscripting/Runtime/VisualScripting.Core/Graphs/IGraphElementDebugData.cs' will not be compiled because it exists outside the Assets folder and does not to belong to any assembly definition file.
Script 'Packages/com.unity.visualscripting/Runtime/VisualScripting.Core/Listeners/MonoBehaviour/UnityOnCollisionStay2DMessageListener.cs' will not be compiled because it exists outside the Assets folder and does not to belong to any assembly definition file.
Script 'Packages/com.unity.visualscripting/Runtime/VisualScripting.Core/Dependencies/FullSerializer/Reflection/fsMetaType.cs' will not be compiled because it exists outside the Assets folder and does not to belong to any assembly definition file.
Script 'Packages/com.unity.visualscripting/Runtime/VisualScripting.Flow/Framework/Events/GameObjectEventUnit.cs' will not be compiled because it exists outside the Assets folder and does not to belong to any assembly definition file.
Script 'Packages/com.unity.visualscripting/Runtime/VisualScripting.Core/Reflection/RenamedNamespaceAttribute.cs' will not be compiled because it exists outside the Assets folder and does not to belong to any assembly definition file.
Script 'Packages/com.unity.visualscripting/Runtime/VisualScripting.Core/Reflection/Optimization/InstanceFunctionInvoker_0.cs' will not be compiled because it exists outside the Assets folder and does not to belong to any assembly definition file.
Script 'Packages/com.unity.visualscripting/Runtime/VisualScripting.Core/Graphs/IGraphElementData.cs' will not be compiled because it exists outside the Assets folder and does not to belong to any assembly definition file.
Script 'Packages/com.unity.visualscripting/Runtime/VisualScripting.Flow/Framework/Events/Hierarchy/OnTransformParentChanged.cs' will not be compiled because it exists outside the Assets folder and does not to belong to any assembly definition file.
Script 'Packages/com.unity.visualscripting/Runtime/VisualScripting.State/NesterState.cs' will not be compiled because it exists outside the Assets folder and does not to belong to any assembly definition file.
Script 'Packages/com.unity.visualscripting/Runtime/VisualScripting.Core/Profiling/ProfiledSegmentCollection.cs' will not be compiled because it exists outside the Assets folder and does not to belong to any assembly definition file.
Script 'Packages/com.unity.visualscripting/Runtime/VisualScripting.Core/Graphs/IGraphData.cs' will not be compiled because it exists outside the Assets folder and does not to belong to any assembly definition file.
Script 'Packages/com.unity.visualscripting/Runtime/VisualScripting.Core/Utilities/XColor.cs' will not be compiled because it exists outside the Assets folder and does not to belong to any assembly definition file.
Script 'Packages/com.unity.visualscripting/Runtime/VisualScripting.Flow/Framework/Events/CustomEventArgs.cs' will not be compiled because it exists outside the Assets folder and does not to belong to any assembly definition file.
Script 'Packages/com.unity.visualscripting/Runtime/VisualScripting.Flow/Framework/Events/Physics/OnCollisionEnter.cs' will not be compiled because it exists outside the Assets folder and does not to belong to any assembly definition file.
Script 'Packages/com.unity.visualscripting/Runtime/VisualScripting.Core/Reflection/RuntimeCodebase.cs' will not be compiled because it exists outside the Assets folder and does not to belong to any assembly definition file.
Script 'Packages/com.unity.visualscripting/Runtime/VisualScripting.Core/Profiling/ProfilingUtility.cs' will not be compiled because it exists outside the Assets folder and does not to belong to any assembly definition file.
Script 'Packages/com.unity.visualscripting/Runtime/VisualScripting.Core/Dependencies/FullSerializer/Converters/Unity/GUIStyle_DirectConverter.cs' will not be compiled because it exists outside the Assets folder and does not to belong to any assembly definition file.
Script 'Packages/com.unity.visualscripting/Runtime/VisualScripting.Core/Collections/DebugDictionary.cs' will not be compiled because it exists outside the Assets folder and does not to belong to any assembly definition file.
Script 'Packages/com.unity.visualscripting/Runtime/VisualScripting.Flow/Framework/Math/Sum.cs' will not be compiled because it exists outside the Assets folder and does not to belong to any assembly definition file.
Script 'Packages/com.unity.visualscripting/Runtime/VisualScripting.Flow/Dependencies/NCalc/FunctionExpression.cs' will not be compiled because it exists outside the Assets folder and does not to belong to any assembly definition file.
Script 'Packages/com.unity.visualscripting/Runtime/VisualScripting.Core/Unity/MacroScriptableObject.cs' will not be compiled because it exists outside the Assets folder and does not to belong to any assembly definition file.
Script 'Packages/com.unity.visualscripting/Runtime/VisualScripting.Flow/Framework/Control/ForEach.cs' will not be compiled because it exists outside the Assets folder and does not to belong to any assembly definition file.
Script 'Packages/com.unity.visualscripting/Runtime/VisualScripting.Core/Reflection/Operators/LessThanOrEqualHandler.cs' will not be compiled because it exists outside the Assets folder and does not to belong to any assembly definition file.
Script 'Packages/com.unity.visualscripting/Runtime/VisualScripting.Core/Listeners/MonoBehaviour/UnityOnCollisionStayMessageListener.cs' will not be compiled because it exists outside the Assets folder and does not to belong to any assembly definition file.
Script 'Packages/com.unity.visualscripting/Runtime/VisualScripting.Core/Reflection/Operators/MultiplicationHandler.cs' will not be compiled because it exists outside the Assets folder and does not to belong to any assembly definition file.
Script 'Packages/com.unity.visualscripting/Runtime/VisualScripting.Flow/Framework/Math/Vector2/Vector2Absolute.cs' will not be compiled because it exists outside the Assets folder and does not to belong to any assembly definition file.
Script 'Packages/com.unity.visualscripting/Runtime/VisualScripting.Flow/Framework/Math/Vector3/Vector3MoveTowards.cs' will not be compiled because it exists outside the Assets folder and does not to belong to any assembly definition file.
Script 'Packages/com.unity.visualscripting/Runtime/VisualScripting.Flow/Ports/IUnitPort.cs' will not be compiled because it exists outside the Assets folder and does not to belong to any assembly definition file.
Script 'Packages/com.unity.visualscripting/Runtime/VisualScripting.Flow/Framework/Events/Physics/OnCollisionExit.cs' will not be compiled because it exists outside the Assets folder and does not to belong to any assembly definition file.
Script 'Packages/com.unity.visualscripting/Runtime/VisualScripting.Flow/Framework/Math/Vector3/Vector3Multiply.cs' will not be compiled because it exists outside the Assets folder and does not to belong to any assembly definition file.
Script 'Packages/com.unity.visualscripting/Runtime/VisualScripting.Core/Unity/IUnityObjectOwnable.cs' will not be compiled because it exists outside the Assets folder and does not to belong to any assembly definition file.
Script 'Packages/com.unity.visualscripting/Runtime/VisualScripting.Flow/Framework/Codebase/InvokeMember.cs' will not be compiled because it exists outside the Assets folder and does not to belong to any assembly definition file.
Script 'Packages/com.unity.visualscripting/Runtime/VisualScripting.Flow/Framework/Variables/Obsolete/SetObjectVariable.cs' will not be compiled because it exists outside the Assets folder and does not to belong to any assembly definition file.
Script 'Packages/com.unity.visualscripting/Runtime/VisualScripting.Flow/Framework/Events/GlobalEventUnit.cs' will not be compiled because it exists outside the Assets folder and does not to belong to any assembly definition file.
Script 'Packages/com.unity.visualscripting/Runtime/VisualScripting.Core/Collections/FlexibleDictionary.cs' will not be compiled because it exists outside the Assets folder and does not to belong to any assembly definition file.
Script 'Packages/com.unity.visualscripting/Runtime/VisualScripting.Core/Variables/InspectorVariableNameAttribute.cs' will not be compiled because it exists outside the Assets folder and does not to belong to any assembly definition file.
Script 'Packages/com.unity.visualscripting/Runtime/VisualScripting.Flow/Framework/Math/Lerp.cs' will not be compiled because it exists outside the Assets folder and does not to belong to any assembly definition file.
Script 'Packages/com.unity.visualscripting/Runtime/VisualScripting.Core/EditorBinding/Inspector/InspectorDelayedAttribute.cs' will not be compiled because it exists outside the Assets folder and does not to belong to any assembly definition file.
Script 'Packages/com.unity.visualscripting/Runtime/VisualScripting.Core/Graphs/IGraph.cs' will not be compiled because it exists outside the Assets folder and does not to belong to any assembly definition file.
Script 'Packages/com.unity.visualscripting/Runtime/VisualScripting.Core/Dependencies/FullSerializer/Converters/Unity/InputAction_DirectConverter.cs' will not be compiled because it exists outside the Assets folder and does not to belong to any assembly definition file.
Script 'Packages/com.unity.visualscripting/Runtime/VisualScripting.Core/Events/EmptyEventArgs.cs' will not be compiled because it exists outside the Assets folder and does not to belong to any assembly definition file.
Script 'Packages/com.unity.visualscripting/Runtime/VisualScripting.Core/Reflection/Optimization/InstanceFunctionInvoker_5.cs' will not be compiled because it exists outside the Assets folder and does not to belong to any assembly definition file.
Script 'Packages/com.unity.visualscripting/Runtime/VisualScripting.Flow/Ports/IUnitPortCollection.cs' will not be compiled because it exists outside the Assets folder and does not to belong to any assembly definition file.
Script 'Packages/com.unity.visualscripting/Runtime/VisualScripting.Core/Ensure/Extensions/XString.cs' will not be compiled because it exists outside the Assets folder and does not to belong to any assembly definition file.
Script 'Packages/com.unity.visualscripting/Runtime/VisualScripting.Core/Ensure/ExceptionMessages.cs' will not be compiled because it exists outside the Assets folder and does not to belong to any assembly definition file.
Script 'Packages/com.unity.visualscripting/Runtime/VisualScripting.Flow/Framework/Nulls/NullCheck.cs' will not be compiled because it exists outside the Assets folder and does not to belong to any assembly definition file.
Script 'Packages/com.unity.visualscripting/Runtime/VisualScripting.Flow/Framework/Graph/SetGraph.cs' will not be compiled because it exists outside the Assets folder and does not to belong to any assembly definition file.
Script 'Packages/com.unity.visualscripting/Runtime/VisualScripting.Flow/Framework/Events/Physics/OnControllerColliderHit.cs' will not be compiled because it exists outside the Assets folder and does not to belong to any assembly definition file.
Script 'Packages/com.unity.visualscripting/Runtime/VisualScripting.Flow/Framework/Math/Generic/GenericMultiply.cs' will not be compiled because it exists outside the Assets folder and does not to belong to any assembly definition file.
Script 'Packages/com.unity.visualscripting/Runtime/VisualScripting.Flow/Framework/Time/Cooldown.cs' will not be compiled because it exists outside the Assets folder and does not to belong to any assembly definition file.
Script 'Packages/com.unity.visualscripting/Runtime/VisualScripting.Core/Reflection/Optimization/InstanceFunctionInvoker_4.cs' will not be compiled because it exists outside the Assets folder and does not to belong to any assembly definition file.
Script 'Packages/com.unity.visualscripting/Runtime/VisualScripting.Core/Dependencies/FullSerializer/Converters/Unity/AnimationCurve_DirectConverter.cs' will not be compiled because it exists outside the Assets folder and does not to belong to any assembly definition file.
Script 'Packages/com.unity.visualscripting/Runtime/VisualScripting.Core/Reflection/ActionDirection.cs' will not be compiled because it exists outside the Assets folder and does not to belong to any assembly definition file.
Script 'Packages/com.unity.visualscripting/Runtime/VisualScripting.Flow/Framework/Codebase/SetMember.cs' will not be compiled because it exists outside the Assets folder and does not to belong to any assembly definition file.
Script 'Packages/com.unity.visualscripting/Runtime/VisualScripting.Core/Unity/ISingleton.cs' will not be compiled because it exists outside the Assets folder and does not to belong to any assembly definition file.
Script 'Packages/com.unity.visualscripting/Runtime/VisualScripting.Flow/Framework/Logic/And.cs' will not be compiled because it exists outside the Assets folder and does not to belong to any assembly definition file.
Script 'Packages/com.unity.visualscripting/Runtime/VisualScripting.Flow/Framework/Control/ISelectUnit.cs' will not be compiled because it exists outside the Assets folder and does not to belong to any assembly definition file.
Script 'Packages/com.unity.visualscripting/Runtime/VisualScripting.Flow/Framework/Control/LoopUnit.cs' will not be compiled because it exists outside the Assets folder and does not to belong to any assembly definition file.
Script 'Packages/com.unity.visualscripting/Runtime/VisualScripting.Flow/Framework/Events/BoltUnityEvent.cs' will not be compiled because it exists outside the Assets folder and does not to belong to any assembly definition file.
Script 'Packages/com.unity.visualscripting/Runtime/VisualScripting.Core/Unity/LudiqBehaviour.cs' will not be compiled because it exists outside the Assets folder and does not to belong to any assembly definition file.
Script 'Packages/com.unity.visualscripting/Runtime/VisualScripting.Core/Listeners/MonoBehaviour/UnityOnControllerColliderHitMessageListener.cs' will not be compiled because it exists outside the Assets folder and does not to belong to any assembly definition file.
Script 'Packages/com.unity.visualscripting/Runtime/VisualScripting.Flow/Framework/Variables/Obsolete/SetGraphVariable.cs' will not be compiled because it exists outside the Assets folder and does not to belong to any assembly definition file.
Script 'Packages/com.unity.visualscripting/Runtime/VisualScripting.Flow/Framework/Events/Navigation/OnDestinationReached.cs' will not be compiled because it exists outside the Assets folder and does not to belong to any assembly definition file.
Script 'Packages/com.unity.visualscripting/Runtime/VisualScripting.Flow/Framework/Events/GUI/PointerEventUnit.cs' will not be compiled because it exists outside the Assets folder and does not to belong to any assembly definition file.
Script 'Packages/com.unity.visualscripting/Runtime/VisualScripting.Flow/Framework/Events/Application/OnApplicationQuit.cs' will not be compiled because it exists outside the Assets folder and does not to belong to any assembly definition file.
Script 'Packages/com.unity.visualscripting/Runtime/VisualScripting.State/INesterState.cs' will not be compiled because it exists outside the Assets folder and does not to belong to any assembly definition file.
Script 'Packages/com.unity.visualscripting/Runtime/VisualScripting.Core/Variables/IGraphWithVariables.cs' will not be compiled because it exists outside the Assets folder and does not to belong to any assembly definition file.
Script 'Packages/com.unity.visualscripting/Runtime/VisualScripting.Flow/Framework/Codebase/CreateStruct.cs' will not be compiled because it exists outside the Assets folder and does not to belong to any assembly definition file.
Script 'Packages/com.unity.visualscripting/Runtime/VisualScripting.State/IState.cs' will not be compiled because it exists outside the Assets folder and does not to belong to any assembly definition file.
Script 'Packages/com.unity.visualscripting/Runtime/VisualScripting.Core/EditorBinding/Inspector/InspectorExpandTooltipAttribute.cs' will not be compiled because it exists outside the Assets folder and does not to belong to any assembly definition file.
Script 'Packages/com.unity.visualscripting/Runtime/VisualScripting.Flow/Framework/Math/Subtract.cs' will not be compiled because it exists outside the Assets folder and does not to belong to any assembly definition file.
Script 'Packages/com.unity.visualscripting/Runtime/VisualScripting.Flow/Framework/Nulls/NullCoalesce.cs' will not be compiled because it exists outside the Assets folder and does not to belong to any assembly definition file.
Script 'Packages/com.unity.visualscripting/Runtime/VisualScripting.Core/Reflection/Operators/ModuloHandler.cs' will not be compiled because it exists outside the Assets folder and does not to belong to any assembly definition file.
Script 'Packages/com.unity.visualscripting/Runtime/VisualScripting.Core/Dependencies/FullSerializer/Converters/Unity/Gradient_DirectConverter.cs' will not be compiled because it exists outside the Assets folder and does not to belong to any assembly definition file.
Script 'Packages/com.unity.visualscripting/Runtime/VisualScripting.Flow/Framework/Math/Generic/DeprecatedGenericAdd.cs' will not be compiled because it exists outside the Assets folder and does not to belong to any assembly definition file.
Script 'Packages/com.unity.visualscripting/Runtime/VisualScripting.Core/Reflection/TypeQualifier.cs' will not be compiled because it exists outside the Assets folder and does not to belong to any assembly definition file.
Script 'Packages/com.unity.visualscripting/Runtime/VisualScripting.Core/Dependencies/FullSerializer/Reflection/fsMetaProperty.cs' will not be compiled because it exists outside the Assets folder and does not to belong to any assembly definition file.
Script 'Packages/com.unity.visualscripting/Runtime/VisualScripting.Core/Reflection/TypeName.cs' will not be compiled because it exists outside the Assets folder and does not to belong to any assembly definition file.
Script 'Packages/com.unity.visualscripting/Runtime/VisualScripting.Core/Variables/IGraphDataWithVariables.cs' will not be compiled because it exists outside the Assets folder and does not to belong to any assembly definition file.
Script 'Packages/com.unity.visualscripting/Runtime/VisualScripting.Flow/Framework/Math/Maximum.cs' will not be compiled because it exists outside the Assets folder and does not to belong to any assembly definition file.
Script 'Packages/com.unity.visualscripting/Runtime/VisualScripting.Core/EditorBinding/Inspector/InspectViaImplementationsAttribute.cs' will not be compiled because it exists outside the Assets folder and does not to belong to any assembly definition file.
Script 'Packages/com.unity.visualscripting/Runtime/VisualScripting.Flow/FlowGraphData.cs' will not be compiled because it exists outside the Assets folder and does not to belong to any assembly definition file.
Script 'Packages/com.unity.visualscripting/Runtime/VisualScripting.Flow/Dependencies/NCalc/Expression.cs' will not be compiled because it exists outside the Assets folder and does not to belong to any assembly definition file.
Script 'Packages/com.unity.visualscripting/Runtime/VisualScripting.Flow/Framework/Codebase/MemberUnit.cs' will not be compiled because it exists outside the Assets folder and does not to belong to any assembly definition file.
Script 'Packages/com.unity.visualscripting/Runtime/VisualScripting.Core/Listeners/UIInterfaces/UnityOnDeselectMessageListener.cs' will not be compiled because it exists outside the Assets folder and does not to belong to any assembly definition file.
Script 'Packages/com.unity.visualscripting/Runtime/VisualScripting.Flow/Framework/Events/GUI/OnToggleValueChanged.cs' will not be compiled because it exists outside the Assets folder and does not to belong to any assembly definition file.
Script 'Packages/com.unity.visualscripting/Runtime/VisualScripting.Flow/Framework/Events/CustomEvent.cs' will not be compiled because it exists outside the Assets folder and does not to belong to any assembly definition file.
Script 'Packages/com.unity.visualscripting/Runtime/VisualScripting.Core/Listeners/UIInterfaces/UnityOnEndDragMessageListener.cs' will not be compiled because it exists outside the Assets folder and does not to belong to any assembly definition file.
Script 'Packages/com.unity.visualscripting/Runtime/VisualScripting.Core/Reflection/Operators/LogicalNegationHandler.cs' will not be compiled because it exists outside the Assets folder and does not to belong to any assembly definition file.
Script 'Packages/com.unity.visualscripting/Runtime/VisualScripting.Core/Listeners/UIInterfaces/UnityOnMoveMessageListener.cs' will not be compiled because it exists outside the Assets folder and does not to belong to any assembly definition file.
Script 'Packages/com.unity.visualscripting/Runtime/VisualScripting.Flow/Framework/Control/Cache.cs' will not be compiled because it exists outside the Assets folder and does not to belong to any assembly definition file.
Script 'Packages/com.unity.visualscripting/Runtime/VisualScripting.Flow/Framework/Literal.cs' will not be compiled because it exists outside the Assets folder and does not to belong to any assembly definition file.
Script 'Packages/com.unity.visualscripting/Runtime/VisualScripting.Core/Listeners/UIInterfaces/UnityOnPointerClickMessageListener.cs' will not be compiled because it exists outside the Assets folder and does not to belong to any assembly definition file.
Script 'Packages/com.unity.visualscripting/Runtime/VisualScripting.Flow/Framework/Math/Scalar/ScalarSum.cs' will not be compiled because it exists outside the Assets folder and does not to belong to any assembly definition file.
Script 'Packages/com.unity.visualscripting/Runtime/VisualScripting.Flow/Ports/IUnitPortDefinition.cs' will not be compiled because it exists outside the Assets folder and does not to belong to any assembly definition file.
Script 'Packages/com.unity.visualscripting/Runtime/VisualScripting.Flow/Framework/Math/Vector3/Vector3Normalize.cs' will not be compiled because it exists outside the Assets folder and does not to belong to any assembly definition file.
Script 'Packages/com.unity.visualscripting/Runtime/VisualScripting.State/IStateDebugData.cs' will not be compiled because it exists outside the Assets folder and does not to belong to any assembly definition file.
Script 'Packages/com.unity.visualscripting/Runtime/VisualScripting.Flow/Framework/Variables/Obsolete/IsObjectVariableDefined.cs' will not be compiled because it exists outside the Assets folder and does not to belong to any assembly definition file.
Script 'Packages/com.unity.visualscripting/Runtime/VisualScripting.Flow/Framework/Time/Timer.cs' will not be compiled because it exists outside the Assets folder and does not to belong to any assembly definition file.
Script 'Packages/com.unity.visualscripting/Runtime/VisualScripting.Flow/Framework/Math/Generic/GenericSubtract.cs' will not be compiled because it exists outside the Assets folder and does not to belong to any assembly definition file.
Script 'Packages/com.unity.visualscripting/Runtime/VisualScripting.Core/Listeners/MonoBehaviour/UnityOnCollisionExitMessageListener.cs' will not be compiled because it exists outside the Assets folder and does not to belong to any assembly definition file.
Script 'Packages/com.unity.visualscripting/Runtime/VisualScripting.Flow/Framework/Math/Vector2/Vector2Average.cs' will not be compiled because it exists outside the Assets folder and does not to belong to any assembly definition file.
Script 'Packages/com.unity.visualscripting/Runtime/VisualScripting.Flow/Dependencies/NCalc/EvaluationException.cs' will not be compiled because it exists outside the Assets folder and does not to belong to any assembly definition file.
Script 'Packages/com.unity.visualscripting/Runtime/VisualScripting.Flow/Framework/Math/Vector3/Vector3Maximum.cs' will not be compiled because it exists outside the Assets folder and does not to belong to any assembly definition file.
Script 'Packages/com.unity.visualscripting/Runtime/VisualScripting.Core/Ensure/Extensions/XComparable.cs' will not be compiled because it exists outside the Assets folder and does not to belong to any assembly definition file.
Script 'Packages/com.unity.visualscripting/Runtime/VisualScripting.Flow/Dependencies/NCalc/FunctionArgs.cs' will not be compiled because it exists outside the Assets folder and does not to belong to any assembly definition file.
Script 'Packages/com.unity.visualscripting/Runtime/VisualScripting.Core/Collections/IMergedCollection.cs' will not be compiled because it exists outside the Assets folder and does not to belong to any assembly definition file.
Script 'Packages/com.unity.visualscripting/Runtime/VisualScripting.Core/Listeners/UIInterfaces/UnityOnCancelMessageListener.cs' will not be compiled because it exists outside the Assets folder and does not to belong to any assembly definition file.
Script 'Packages/com.unity.visualscripting/Runtime/VisualScripting.Core/Listeners/MonoBehaviour/UnityOnMouseDownMessageListener.cs' will not be compiled because it exists outside the Assets folder and does not to belong to any assembly definition file.
Script 'Packages/com.unity.visualscripting/Runtime/VisualScripting.Core/EditorBinding/InspectableIfAttribute.cs' will not be compiled because it exists outside the Assets folder and does not to belong to any assembly definition file.
Script 'Packages/com.unity.visualscripting/Runtime/VisualScripting.Flow/Framework/Graph/SetScriptGraph.cs' will not be compiled because it exists outside the Assets folder and does not to belong to any assembly definition file.
Script 'Packages/com.unity.visualscripting/Runtime/VisualScripting.Core/Reflection/TypeNameDetail.cs' will not be compiled because it exists outside the Assets folder and does not to belong to any assembly definition file.
Script 'Packages/com.unity.visualscripting/Runtime/VisualScripting.Core/Reflection/Optimization/InstanceFunctionInvokerBase.cs' will not be compiled because it exists outside the Assets folder and does not to belong to any assembly definition file.
Script 'Packages/com.unity.visualscripting/Runtime/VisualScripting.Core/Dependencies/FullSerializer/Converters/Unity/GUIStyleState_DirectConverter.cs' will not be compiled because it exists outside the Assets folder and does not to belong to any assembly definition file.
Script 'Packages/com.unity.visualscripting/Runtime/VisualScripting.Core/Collections/INotifyCollectionChanged.cs' will not be compiled because it exists outside the Assets folder and does not to belong to any assembly definition file.
Script 'Packages/com.unity.visualscripting/Runtime/VisualScripting.Flow/Framework/Variables/Obsolete/IsSceneVariableDefined.cs' will not be compiled because it exists outside the Assets folder and does not to belong to any assembly definition file.
Script 'Packages/com.unity.visualscripting/Runtime/VisualScripting.Core/Reflection/Operators/InvalidOperatorException.cs' will not be compiled because it exists outside the Assets folder and does not to belong to any assembly definition file.
Script 'Packages/com.unity.visualscripting/Runtime/VisualScripting.Flow/Framework/Control/IBranchUnit.cs' will not be compiled because it exists outside the Assets folder and does not to belong to any assembly definition file.
Script 'Packages/com.unity.visualscripting/Runtime/VisualScripting.Core/Reflection/Optimization/InstanceInvokerBase.cs' will not be compiled because it exists outside the Assets folder and does not to belong to any assembly definition file.
Script 'Packages/com.unity.visualscripting/Runtime/VisualScripting.Core/Profiling/ProfilingScope.cs' will not be compiled because it exists outside the Assets folder and does not to belong to any assembly definition file.
Script 'Packages/com.unity.visualscripting/Runtime/VisualScripting.Core/Unity/RequiresUnityAPIAttribute.cs' will not be compiled because it exists outside the Assets folder and does not to belong to any assembly definition file.
Script 'Packages/com.unity.visualscripting/Runtime/VisualScripting.Core/EditorBinding/Inspector/InspectorActionDirectionAttribute.cs' will not be compiled because it exists outside the Assets folder and does not to belong to any assembly definition file.
Script 'Packages/com.unity.visualscripting/Runtime/VisualScripting.Flow/Framework/Graph/ScriptGraphContainerType.cs' will not be compiled because it exists outside the Assets folder and does not to belong to any assembly definition file.
Script 'Packages/com.unity.visualscripting/Runtime/VisualScripting.Core/Collections/INotifiedCollectionItem.cs' will not be compiled because it exists outside the Assets folder and does not to belong to any assembly definition file.
Script 'Packages/com.unity.visualscripting/Runtime/VisualScripting.Flow/Framework/Events/Hierarchy/OnTransformChildrenChanged.cs' will not be compiled because it exists outside the Assets folder and does not to belong to any assembly definition file.
Script 'Packages/com.unity.visualscripting/Runtime/VisualScripting.Flow/Framework/Control/For.cs' will not be compiled because it exists outside the Assets folder and does not to belong to any assembly definition file.
Script 'Packages/com.unity.visualscripting/Runtime/VisualScripting.Flow/Framework/Math/Vector3/Vector3PerSecond.cs' will not be compiled because it exists outside the Assets folder and does not to belong to any assembly definition file.
Script 'Packages/com.unity.visualscripting/Runtime/VisualScripting.Core/Reflection/TypeFilter.cs' will not be compiled because it exists outside the Assets folder and does not to belong to any assembly definition file.
Script 'Packages/com.unity.visualscripting/Runtime/VisualScripting.Flow/Framework/Control/If.cs' will not be compiled because it exists outside the Assets folder and does not to belong to any assembly definition file.
Script 'Packages/com.unity.visualscripting/Runtime/VisualScripting.Core/Reflection/Optimization/InstanceFunctionInvoker_1.cs' will not be compiled because it exists outside the Assets folder and does not to belong to any assembly definition file.
Script 'Packages/com.unity.visualscripting/Runtime/VisualScripting.Flow/Framework/Variables/Obsolete/IsSavedVariableDefined.cs' will not be compiled because it exists outside the Assets folder and does not to belong to any assembly definition file.
Script 'Packages/com.unity.visualscripting/Runtime/VisualScripting.Flow/Framework/Math/Generic/GenericModulo.cs' will not be compiled because it exists outside the Assets folder and does not to belong to any assembly definition file.
Script 'Packages/com.unity.visualscripting/Runtime/VisualScripting.Core/Graphs/IGraphElementCollection.cs' will not be compiled because it exists outside the Assets folder and does not to belong to any assembly definition file.
Script 'Packages/com.unity.visualscripting/Runtime/VisualScripting.State/IStateTransitionDebugData.cs' will not be compiled because it exists outside the Assets folder and does not to belong to any assembly definition file.
Script 'Packages/com.unity.visualscripting/Runtime/VisualScripting.Core/Variables/SavedVariables.cs' will not be compiled because it exists outside the Assets folder and does not to belong to any assembly definition file.
Script 'Packages/com.unity.visualscripting/Runtime/VisualScripting.Flow/Framework/Graph/HasScriptGraph.cs' will not be compiled because it exists outside the Assets folder and does not to belong to any assembly definition file.
Script 'Packages/com.unity.visualscripting/Runtime/VisualScripting.Flow/Framework/Events/GUI/OnSubmit.cs' will not be compiled because it exists outside the Assets folder and does not to belong to any assembly definition file.
Script 'Packages/com.unity.visualscripting/Runtime/VisualScripting.Core/Graphs/IGraphElement.cs' will not be compiled because it exists outside the Assets folder and does not to belong to any assembly definition file.
Script 'Packages/com.unity.visualscripting/Runtime/VisualScripting.Flow/Framework/Events/Physics/OnCollisionStay.cs' will not be compiled because it exists outside the Assets folder and does not to belong to any assembly definition file.
Script 'Packages/com.unity.visualscripting/Runtime/VisualScripting.Flow/Dependencies/NCalc/EvaluationOption.cs' will not be compiled because it exists outside the Assets folder and does not to belong to any assembly definition file.
Script 'Packages/com.unity.visualscripting/Runtime/VisualScripting.Core/Collections/GuidCollection.cs' will not be compiled because it exists outside the Assets folder and does not to belong to any assembly definition file.
Script 'Packages/com.unity.visualscripting/Runtime/VisualScripting.Flow/Framework/Math/Generic/GenericSum.cs' will not be compiled because it exists outside the Assets folder and does not to belong to any assembly definition file.
Script 'Packages/com.unity.visualscripting/Runtime/VisualScripting.Flow/Dependencies/NCalc/EvaluationVisitor.cs' will not be compiled because it exists outside the Assets folder and does not to belong to any assembly definition file.
Script 'Packages/com.unity.visualscripting/Runtime/VisualScripting.Flow/Framework/Codebase/Expose.cs' will not be compiled because it exists outside the Assets folder and does not to belong to any assembly definition file.
Script 'Packages/com.unity.visualscripting/Runtime/VisualScripting.Core/Variables/ObjectVariables.cs' will not be compiled because it exists outside the Assets folder and does not to belong to any assembly definition file.
Script 'Packages/com.unity.visualscripting/Runtime/VisualScripting.Flow/Ports/IUnitOutputPortDefinition.cs' will not be compiled because it exists outside the Assets folder and does not to belong to any assembly definition file.
Script 'Packages/com.unity.visualscripting/Runtime/VisualScripting.Core/Reflection/TypeUtility.cs' will not be compiled because it exists outside the Assets folder and does not to belong to any assembly definition file.
Script 'Packages/com.unity.visualscripting/Runtime/VisualScripting.State/IStateTransition.cs' will not be compiled because it exists outside the Assets folder and does not to belong to any assembly definition file.
Script 'Packages/com.unity.visualscripting/Runtime/VisualScripting.Flow/Framework/This.cs' will not be compiled because it exists outside the Assets folder and does not to belong to any assembly definition file.
Script 'Packages/com.unity.visualscripting/Runtime/VisualScripting.Core/Events/EventBus.cs' will not be compiled because it exists outside the Assets folder and does not to belong to any assembly definition file.
Script 'Packages/com.unity.visualscripting/Runtime/VisualScripting.Core/Listeners/MonoBehaviour/UnityOnJointBreak2DMessageListener.cs' will not be compiled because it exists outside the Assets folder and does not to belong to any assembly definition file.
Script 'Packages/com.unity.visualscripting/Runtime/VisualScripting.Flow/Framework/Events/Physics/OnJointBreak.cs' will not be compiled because it exists outside the Assets folder and does not to belong to any assembly definition file.
Script 'Packages/com.unity.visualscripting/Runtime/VisualScripting.Core/Properties/AssemblyInfo.cs' will not be compiled because it exists outside the Assets folder and does not to belong to any assembly definition file.
Script 'Packages/com.unity.visualscripting/Runtime/VisualScripting.Core/Reflection/Operators/LeftShiftHandler.cs' will not be compiled because it exists outside the Assets folder and does not to belong to any assembly definition file.
Script 'Packages/com.unity.visualscripting/Runtime/VisualScripting.Core/EditorBinding/Inspector/InspectorLabelAttribute.cs' will not be compiled because it exists outside the Assets folder and does not to belong to any assembly definition file.
Script 'Packages/com.unity.visualscripting/Runtime/VisualScripting.Core/Reflection/Optimization/InstanceFunctionInvoker_2.cs' will not be compiled because it exists outside the Assets folder and does not to belong to any assembly definition file.
Script 'Packages/com.unity.visualscripting/Runtime/VisualScripting.Core/Profiling/ProfiledSegment.cs' will not be compiled because it exists outside the Assets folder and does not to belong to any assembly definition file.
Script 'Packages/com.unity.visualscripting/Runtime/VisualScripting.State/INesterStateTransition.cs' will not be compiled because it exists outside the Assets folder and does not to belong to any assembly definition file.
Script 'Packages/com.unity.visualscripting/Runtime/VisualScripting.Flow/Framework/Math/Vector3/Vector3Minimum.cs' will not be compiled because it exists outside the Assets folder and does not to belong to any assembly definition file.
Script 'Packages/com.unity.visualscripting/Runtime/VisualScripting.Core/Listeners/MonoBehaviour/UnityOnJointBreakMessageListener.cs' will not be compiled because it exists outside the Assets folder and does not to belong to any assembly definition file.
Script 'Packages/com.unity.visualscripting/Runtime/VisualScripting.Core/Dependencies/FullSerializer/Reflection/fsTypeCache.cs' will not be compiled because it exists outside the Assets folder and does not to belong to any assembly definition file.
Script 'Packages/com.unity.visualscripting/Runtime/VisualScripting.Core/Dependencies/FullSerializer/fsBaseConverter.cs' will not be compiled because it exists outside the Assets folder and does not to belong to any assembly definition file.
Script 'Packages/com.unity.visualscripting/Runtime/VisualScripting.Core/Dependencies/FullSerializer/Converters/Unity/Bounds_DirectConverter.cs' will not be compiled because it exists outside the Assets folder and does not to belong to any assembly definition file.
Script 'Packages/com.unity.visualscripting/Runtime/VisualScripting.Core/Reflection/Optimization/InstanceFunctionInvoker_3.cs' will not be compiled because it exists outside the Assets folder and does not to belong to any assembly definition file.
Script 'Packages/com.unity.visualscripting/Runtime/VisualScripting.Flow/Framework/Events/Physics/CollisionEventUnit.cs' will not be compiled because it exists outside the Assets folder and does not to belong to any assembly definition file.
Script 'Packages/com.unity.visualscripting/Runtime/VisualScripting.Flow/Framework/Math/Generic/GenericDivide.cs' will not be compiled because it exists outside the Assets folder and does not to belong to any assembly definition file.
Script 'Packages/com.unity.visualscripting/Runtime/VisualScripting.Flow/Framework/Variables/Obsolete/SetApplicationVariable.cs' will not be compiled because it exists outside the Assets folder and does not to belong to any assembly definition file.
Script 'Packages/com.unity.visualscripting/Runtime/VisualScripting.Core/Unity/LudiqScriptableObject.cs' will not be compiled because it exists outside the Assets folder and does not to belong to any assembly definition file.
Script 'Packages/com.unity.visualscripting/Runtime/VisualScripting.Core/Reflection/Operators/LessThanHandler.cs' will not be compiled because it exists outside the Assets folder and does not to belong to any assembly definition file.
Script 'Packages/com.unity.visualscripting/Runtime/VisualScripting.Core/Dependencies/FullSerializer/fsConfig.cs' will not be compiled because it exists outside the Assets folder and does not to belong to any assembly definition file.
Script 'Packages/com.unity.visualscripting/Runtime/VisualScripting.Flow/Framework/Control/Once.cs' will not be compiled because it exists outside the Assets folder and does not to belong to any assembly definition file.
Script 'Packages/com.unity.visualscripting/Runtime/VisualScripting.Core/Listeners/UIInterfaces/UnityOnDragMessageListener.cs' will not be compiled because it exists outside the Assets folder and does not to belong to any assembly definition file.
Script 'Packages/com.unity.visualscripting/Runtime/VisualScripting.State/Framework/Graph/HasStateGraph.cs' will not be compiled because it exists outside the Assets folder and does not to belong to any assembly definition file.
Script 'Packages/com.unity.visualscripting/Runtime/VisualScripting.Core/Collections/IKeyedCollection.cs' will not be compiled because it exists outside the Assets folder and does not to belong to any assembly definition file.
Script 'Packages/com.unity.visualscripting/Runtime/VisualScripting.Flow/Framework/Nulls/Null.cs' will not be compiled because it exists outside the Assets folder and does not to belong to any assembly definition file.
Script 'Packages/com.unity.visualscripting/Runtime/VisualScripting.Flow/Framework/Math/Vector2/DeprecatedVector2Add.cs' will not be compiled because it exists outside the Assets folder and does not to belong to any assembly definition file.
Script 'Packages/com.unity.visualscripting/Runtime/VisualScripting.Core/Dependencies/FullSerializer/fsAotCompilationManager.cs' will not be compiled because it exists outside the Assets folder and does not to belong to any assembly definition file.
Script 'Packages/com.unity.visualscripting/Runtime/VisualScripting.Flow/Framework/Variables/Obsolete/IsVariableDefinedUnit.cs' will not be compiled because it exists outside the Assets folder and does not to belong to any assembly definition file.
Script 'Packages/com.unity.visualscripting/Runtime/VisualScripting.Flow/Framework/Math/Vector3/Vector3Modulo.cs' will not be compiled because it exists outside the Assets folder and does not to belong to any assembly definition file.
Script 'Packages/com.unity.visualscripting/Runtime/VisualScripting.Core/Listeners/UIInterfaces/UnityOnDropMessageListener.cs' will not be compiled because it exists outside the Assets folder and does not to belong to any assembly definition file.
Script 'Packages/com.unity.visualscripting/Runtime/VisualScripting.Flow/Ports/IUnitValuePort.cs' will not be compiled because it exists outside the Assets folder and does not to belong to any assembly definition file.
Script 'Packages/com.unity.visualscripting/Runtime/VisualScripting.Core/Dependencies/FullSerializer/Reflection/fsReflectionUtility.cs' will not be compiled because it exists outside the Assets folder and does not to belong to any assembly definition file.
Script 'Packages/com.unity.visualscripting/Runtime/VisualScripting.Core/Events/EventHook.cs' will not be compiled because it exists outside the Assets folder and does not to belong to any assembly definition file.
Script 'Packages/com.unity.visualscripting/Runtime/VisualScripting.Core/Graphs/IGraphDebugData.cs' will not be compiled because it exists outside the Assets folder and does not to belong to any assembly definition file.
Script 'Packages/com.unity.visualscripting/Runtime/VisualScripting.Flow/Framework/Graph/HasGraph.cs' will not be compiled because it exists outside the Assets folder and does not to belong to any assembly definition file.
Script 'Packages/com.unity.visualscripting/Runtime/VisualScripting.Core/Variables/ApplicationVariables.cs' will not be compiled because it exists outside the Assets folder and does not to belong to any assembly definition file.
Script 'Packages/com.unity.visualscripting/Runtime/VisualScripting.Flow/Ports/InvalidInput.cs' will not be compiled because it exists outside the Assets folder and does not to belong to any assembly definition file.
Script 'Packages/com.unity.visualscripting/Runtime/VisualScripting.Flow/Ports/InvalidOutput.cs' will not be compiled because it exists outside the Assets folder and does not to belong to any assembly definition file.
Script 'Packages/com.unity.visualscripting/Runtime/VisualScripting.Flow/Framework/Codebase/GetMember.cs' will not be compiled because it exists outside the Assets folder and does not to belong to any assembly definition file.
Script 'Packages/com.unity.visualscripting/Runtime/VisualScripting.Flow/Framework/Math/Vector2/Vector2Angle.cs' will not be compiled because it exists outside the Assets folder and does not to belong to any assembly definition file.
Script 'Packages/com.unity.visualscripting/Runtime/VisualScripting.Flow/Dependencies/NCalc/IdentifierExpression.cs' will not be compiled because it exists outside the Assets folder and does not to belong to any assembly definition file.
Script 'Packages/com.unity.visualscripting/Runtime/VisualScripting.Core/Unity/IGizmoDrawer.cs' will not be compiled because it exists outside the Assets folder and does not to belong to any assembly definition file.
Script 'Packages/com.unity.visualscripting/Runtime/VisualScripting.Flow/Ports/IUnitValuePortDefinition.cs' will not be compiled because it exists outside the Assets folder and does not to belong to any assembly definition file.
Script 'Packages/com.unity.visualscripting/Runtime/VisualScripting.Core/Reflection/RenamedFromAttribute.cs' will not be compiled because it exists outside the Assets folder and does not to belong to any assembly definition file.
Script 'Packages/com.unity.visualscripting/Runtime/VisualScripting.Flow/Framework/Events/Application/OnApplicationResume.cs' will not be compiled because it exists outside the Assets folder and does not to belong to any assembly definition file.
Script 'Packages/com.unity.visualscripting/Runtime/VisualScripting.Core/EditorBinding/Inspector/InspectorAdaptiveWidthAttribute.cs' will not be compiled because it exists outside the Assets folder and does not to belong to any assembly definition file.
Script 'Packages/com.unity.visualscripting/Runtime/VisualScripting.Core/Graphs/IGraphElementDebugData.cs' will not be compiled because it exists outside the Assets folder and does not to belong to any assembly definition file.
Script 'Packages/com.unity.visualscripting/Runtime/VisualScripting.Core/Listeners/MonoBehaviour/UnityOnCollisionStay2DMessageListener.cs' will not be compiled because it exists outside the Assets folder and does not to belong to any assembly definition file.
Script 'Packages/com.unity.visualscripting/Runtime/VisualScripting.Core/Dependencies/FullSerializer/Reflection/fsMetaType.cs' will not be compiled because it exists outside the Assets folder and does not to belong to any assembly definition file.
Script 'Packages/com.unity.visualscripting/Runtime/VisualScripting.Flow/Framework/Events/GameObjectEventUnit.cs' will not be compiled because it exists outside the Assets folder and does not to belong to any assembly definition file.
Script 'Packages/com.unity.visualscripting/Runtime/VisualScripting.Core/Reflection/RenamedNamespaceAttribute.cs' will not be compiled because it exists outside the Assets folder and does not to belong to any assembly definition file.
Script 'Packages/com.unity.visualscripting/Runtime/VisualScripting.Core/Reflection/Optimization/InstanceFunctionInvoker_0.cs' will not be compiled because it exists outside the Assets folder and does not to belong to any assembly definition file.
Script 'Packages/com.unity.visualscripting/Runtime/VisualScripting.Core/Graphs/IGraphElementData.cs' will not be compiled because it exists outside the Assets folder and does not to belong to any assembly definition file.
Script 'Packages/com.unity.visualscripting/Runtime/VisualScripting.Flow/Framework/Events/Hierarchy/OnTransformParentChanged.cs' will not be compiled because it exists outside the Assets folder and does not to belong to any assembly definition file.
Script 'Packages/com.unity.visualscripting/Runtime/VisualScripting.State/NesterState.cs' will not be compiled because it exists outside the Assets folder and does not to belong to any assembly definition file.
Script 'Packages/com.unity.visualscripting/Runtime/VisualScripting.Core/Profiling/ProfiledSegmentCollection.cs' will not be compiled because it exists outside the Assets folder and does not to belong to any assembly definition file.
Script 'Packages/com.unity.visualscripting/Runtime/VisualScripting.Core/Graphs/IGraphData.cs' will not be compiled because it exists outside the Assets folder and does not to belong to any assembly definition file.
Script 'Packages/com.unity.visualscripting/Runtime/VisualScripting.Core/Utilities/XColor.cs' will not be compiled because it exists outside the Assets folder and does not to belong to any assembly definition file.
Script 'Packages/com.unity.visualscripting/Runtime/VisualScripting.Flow/Framework/Events/CustomEventArgs.cs' will not be compiled because it exists outside the Assets folder and does not to belong to any assembly definition file.
Script 'Packages/com.unity.visualscripting/Runtime/VisualScripting.Flow/Framework/Events/Physics/OnCollisionEnter.cs' will not be compiled because it exists outside the Assets folder and does not to belong to any assembly definition file.
Script 'Packages/com.unity.visualscripting/Runtime/VisualScripting.Core/Reflection/RuntimeCodebase.cs' will not be compiled because it exists outside the Assets folder and does not to belong to any assembly definition file.
Script 'Packages/com.unity.visualscripting/Runtime/VisualScripting.Core/Profiling/ProfilingUtility.cs' will not be compiled because it exists outside the Assets folder and does not to belong to any assembly definition file.
Script 'Packages/com.unity.visualscripting/Runtime/VisualScripting.Core/Dependencies/FullSerializer/Converters/Unity/GUIStyle_DirectConverter.cs' will not be compiled because it exists outside the Assets folder and does not to belong to any assembly definition file.
Script 'Packages/com.unity.visualscripting/Runtime/VisualScripting.Core/Collections/DebugDictionary.cs' will not be compiled because it exists outside the Assets folder and does not to belong to any assembly definition file.
Script 'Packages/com.unity.visualscripting/Runtime/VisualScripting.Flow/Framework/Math/Sum.cs' will not be compiled because it exists outside the Assets folder and does not to belong to any assembly definition file.
Script 'Packages/com.unity.visualscripting/Runtime/VisualScripting.Flow/Dependencies/NCalc/FunctionExpression.cs' will not be compiled because it exists outside the Assets folder and does not to belong to any assembly definition file.
Script 'Packages/com.unity.visualscripting/Runtime/VisualScripting.Core/Unity/MacroScriptableObject.cs' will not be compiled because it exists outside the Assets folder and does not to belong to any assembly definition file.
Script 'Packages/com.unity.visualscripting/Runtime/VisualScripting.Flow/Framework/Control/ForEach.cs' will not be compiled because it exists outside the Assets folder and does not to belong to any assembly definition file.
Script 'Packages/com.unity.visualscripting/Runtime/VisualScripting.Core/Reflection/Operators/LessThanOrEqualHandler.cs' will not be compiled because it exists outside the Assets folder and does not to belong to any assembly definition file.
Script 'Packages/com.unity.visualscripting/Runtime/VisualScripting.Core/Listeners/MonoBehaviour/UnityOnCollisionStayMessageListener.cs' will not be compiled because it exists outside the Assets folder and does not to belong to any assembly definition file.
Script 'Packages/com.unity.visualscripting/Runtime/VisualScripting.Core/Reflection/Operators/MultiplicationHandler.cs' will not be compiled because it exists outside the Assets folder and does not to belong to any assembly definition file.
Script 'Packages/com.unity.visualscripting/Runtime/VisualScripting.Flow/Framework/Math/Vector2/Vector2Absolute.cs' will not be compiled because it exists outside the Assets folder and does not to belong to any assembly definition file.
Script 'Packages/com.unity.visualscripting/Runtime/VisualScripting.Flow/Framework/Math/Vector3/Vector3MoveTowards.cs' will not be compiled because it exists outside the Assets folder and does not to belong to any assembly definition file.
Script 'Packages/com.unity.visualscripting/Runtime/VisualScripting.Flow/Ports/IUnitPort.cs' will not be compiled because it exists outside the Assets folder and does not to belong to any assembly definition file.
Script 'Packages/com.unity.visualscripting/Runtime/VisualScripting.Flow/Framework/Events/Physics/OnCollisionExit.cs' will not be compiled because it exists outside the Assets folder and does not to belong to any assembly definition file.
Script 'Packages/com.unity.visualscripting/Runtime/VisualScripting.Flow/Framework/Math/Vector3/Vector3Multiply.cs' will not be compiled because it exists outside the Assets folder and does not to belong to any assembly definition file.
Script 'Packages/com.unity.visualscripting/Runtime/VisualScripting.Core/Unity/IUnityObjectOwnable.cs' will not be compiled because it exists outside the Assets folder and does not to belong to any assembly definition file.
Script 'Packages/com.unity.visualscripting/Runtime/VisualScripting.Flow/Framework/Codebase/InvokeMember.cs' will not be compiled because it exists outside the Assets folder and does not to belong to any assembly definition file.
Script 'Packages/com.unity.visualscripting/Runtime/VisualScripting.Flow/Framework/Variables/Obsolete/SetObjectVariable.cs' will not be compiled because it exists outside the Assets folder and does not to belong to any assembly definition file.
Script 'Packages/com.unity.visualscripting/Runtime/VisualScripting.Flow/Framework/Events/GlobalEventUnit.cs' will not be compiled because it exists outside the Assets folder and does not to belong to any assembly definition file.
Script 'Packages/com.unity.visualscripting/Runtime/VisualScripting.Core/Collections/FlexibleDictionary.cs' will not be compiled because it exists outside the Assets folder and does not to belong to any assembly definition file.
Script 'Packages/com.unity.visualscripting/Runtime/VisualScripting.Core/Variables/InspectorVariableNameAttribute.cs' will not be compiled because it exists outside the Assets folder and does not to belong to any assembly definition file.
Script 'Packages/com.unity.visualscripting/Runtime/VisualScripting.Flow/Framework/Math/Lerp.cs' will not be compiled because it exists outside the Assets folder and does not to belong to any assembly definition file.
Script 'Packages/com.unity.visualscripting/Runtime/VisualScripting.Core/EditorBinding/Inspector/InspectorDelayedAttribute.cs' will not be compiled because it exists outside the Assets folder and does not to belong to any assembly definition file.
Script 'Packages/com.unity.visualscripting/Runtime/VisualScripting.Core/Graphs/IGraph.cs' will not be compiled because it exists outside the Assets folder and does not to belong to any assembly definition file.
Script 'Packages/com.unity.visualscripting/Runtime/VisualScripting.Core/Dependencies/FullSerializer/Converters/Unity/InputAction_DirectConverter.cs' will not be compiled because it exists outside the Assets folder and does not to belong to any assembly definition file.
Script 'Packages/com.unity.visualscripting/Runtime/VisualScripting.Core/Events/EmptyEventArgs.cs' will not be compiled because it exists outside the Assets folder and does not to belong to any assembly definition file.
Script 'Packages/com.unity.visualscripting/Runtime/VisualScripting.Core/Reflection/Optimization/InstanceFunctionInvoker_5.cs' will not be compiled because it exists outside the Assets folder and does not to belong to any assembly definition file.
Script 'Packages/com.unity.visualscripting/Runtime/VisualScripting.Flow/Ports/IUnitPortCollection.cs' will not be compiled because it exists outside the Assets folder and does not to belong to any assembly definition file.
Script 'Packages/com.unity.visualscripting/Runtime/VisualScripting.Core/Ensure/Extensions/XString.cs' will not be compiled because it exists outside the Assets folder and does not to belong to any assembly definition file.
Script 'Packages/com.unity.visualscripting/Runtime/VisualScripting.Core/Ensure/ExceptionMessages.cs' will not be compiled because it exists outside the Assets folder and does not to belong to any assembly definition file.
Script 'Packages/com.unity.visualscripting/Runtime/VisualScripting.Flow/Framework/Nulls/NullCheck.cs' will not be compiled because it exists outside the Assets folder and does not to belong to any assembly definition file.
Script 'Packages/com.unity.visualscripting/Runtime/VisualScripting.Flow/Framework/Graph/SetGraph.cs' will not be compiled because it exists outside the Assets folder and does not to belong to any assembly definition file.
Script 'Packages/com.unity.visualscripting/Runtime/VisualScripting.Flow/Framework/Events/Physics/OnControllerColliderHit.cs' will not be compiled because it exists outside the Assets folder and does not to belong to any assembly definition file.
Script 'Packages/com.unity.visualscripting/Runtime/VisualScripting.Flow/Framework/Math/Generic/GenericMultiply.cs' will not be compiled because it exists outside the Assets folder and does not to belong to any assembly definition file.
Script 'Packages/com.unity.visualscripting/Runtime/VisualScripting.Flow/Framework/Time/Cooldown.cs' will not be compiled because it exists outside the Assets folder and does not to belong to any assembly definition file.
Script 'Packages/com.unity.visualscripting/Runtime/VisualScripting.Core/Reflection/Optimization/InstanceFunctionInvoker_4.cs' will not be compiled because it exists outside the Assets folder and does not to belong to any assembly definition file.
Script 'Packages/com.unity.visualscripting/Runtime/VisualScripting.Core/Dependencies/FullSerializer/Converters/Unity/AnimationCurve_DirectConverter.cs' will not be compiled because it exists outside the Assets folder and does not to belong to any assembly definition file.
Script 'Packages/com.unity.visualscripting/Runtime/VisualScripting.Core/Reflection/ActionDirection.cs' will not be compiled because it exists outside the Assets folder and does not to belong to any assembly definition file.
Script 'Packages/com.unity.visualscripting/Runtime/VisualScripting.Flow/Framework/Codebase/SetMember.cs' will not be compiled because it exists outside the Assets folder and does not to belong to any assembly definition file.
Script 'Packages/com.unity.visualscripting/Runtime/VisualScripting.Core/Unity/ISingleton.cs' will not be compiled because it exists outside the Assets folder and does not to belong to any assembly definition file.
Script 'Packages/com.unity.visualscripting/Runtime/VisualScripting.Flow/Framework/Logic/And.cs' will not be compiled because it exists outside the Assets folder and does not to belong to any assembly definition file.
Script 'Packages/com.unity.visualscripting/Runtime/VisualScripting.Flow/Framework/Control/ISelectUnit.cs' will not be compiled because it exists outside the Assets folder and does not to belong to any assembly definition file.
Script 'Packages/com.unity.visualscripting/Runtime/VisualScripting.Flow/Framework/Control/LoopUnit.cs' will not be compiled because it exists outside the Assets folder and does not to belong to any assembly definition file.
Script 'Packages/com.unity.visualscripting/Runtime/VisualScripting.Flow/Framework/Events/BoltUnityEvent.cs' will not be compiled because it exists outside the Assets folder and does not to belong to any assembly definition file.
Script 'Packages/com.unity.visualscripting/Runtime/VisualScripting.Core/Unity/LudiqBehaviour.cs' will not be compiled because it exists outside the Assets folder and does not to belong to any assembly definition file.
Script 'Packages/com.unity.visualscripting/Runtime/VisualScripting.Core/Listeners/MonoBehaviour/UnityOnControllerColliderHitMessageListener.cs' will not be compiled because it exists outside the Assets folder and does not to belong to any assembly definition file.
Script 'Packages/com.unity.visualscripting/Runtime/VisualScripting.Flow/Framework/Variables/Obsolete/SetGraphVariable.cs' will not be compiled because it exists outside the Assets folder and does not to belong to any assembly definition file.
Script 'Packages/com.unity.visualscripting/Runtime/VisualScripting.Flow/Framework/Events/Navigation/OnDestinationReached.cs' will not be compiled because it exists outside the Assets folder and does not to belong to any assembly definition file.
Script 'Packages/com.unity.visualscripting/Runtime/VisualScripting.Flow/Framework/Events/GUI/PointerEventUnit.cs' will not be compiled because it exists outside the Assets folder and does not to belong to any assembly definition file.
Script 'Packages/com.unity.visualscripting/Runtime/VisualScripting.Flow/Framework/Events/Application/OnApplicationQuit.cs' will not be compiled because it exists outside the Assets folder and does not to belong to any assembly definition file.
Script 'Packages/com.unity.visualscripting/Runtime/VisualScripting.State/INesterState.cs' will not be compiled because it exists outside the Assets folder and does not to belong to any assembly definition file.
Script 'Packages/com.unity.visualscripting/Runtime/VisualScripting.Core/Variables/IGraphWithVariables.cs' will not be compiled because it exists outside the Assets folder and does not to belong to any assembly definition file.
Script 'Packages/com.unity.visualscripting/Runtime/VisualScripting.Flow/Framework/Codebase/CreateStruct.cs' will not be compiled because it exists outside the Assets folder and does not to belong to any assembly definition file.
Script 'Packages/com.unity.visualscripting/Runtime/VisualScripting.State/IState.cs' will not be compiled because it exists outside the Assets folder and does not to belong to any assembly definition file.
Script 'Packages/com.unity.visualscripting/Runtime/VisualScripting.Core/EditorBinding/Inspector/InspectorExpandTooltipAttribute.cs' will not be compiled because it exists outside the Assets folder and does not to belong to any assembly definition file.
Script 'Packages/com.unity.visualscripting/Runtime/VisualScripting.Flow/Framework/Math/Subtract.cs' will not be compiled because it exists outside the Assets folder and does not to belong to any assembly definition file.
Script 'Packages/com.unity.visualscripting/Runtime/VisualScripting.Flow/Framework/Nulls/NullCoalesce.cs' will not be compiled because it exists outside the Assets folder and does not to belong to any assembly definition file.
Script 'Packages/com.unity.visualscripting/Runtime/VisualScripting.Core/Reflection/Operators/ModuloHandler.cs' will not be compiled because it exists outside the Assets folder and does not to belong to any assembly definition file.
Script 'Packages/com.unity.visualscripting/Runtime/VisualScripting.Core/Dependencies/FullSerializer/Converters/Unity/Gradient_DirectConverter.cs' will not be compiled because it exists outside the Assets folder and does not to belong to any assembly definition file.
Script 'Packages/com.unity.visualscripting/Runtime/VisualScripting.Flow/Framework/Math/Generic/DeprecatedGenericAdd.cs' will not be compiled because it exists outside the Assets folder and does not to belong to any assembly definition file.
Script 'Packages/com.unity.visualscripting/Runtime/VisualScripting.Core/Reflection/TypeQualifier.cs' will not be compiled because it exists outside the Assets folder and does not to belong to any assembly definition file.
Script 'Packages/com.unity.visualscripting/Runtime/VisualScripting.Core/Dependencies/FullSerializer/Reflection/fsMetaProperty.cs' will not be compiled because it exists outside the Assets folder and does not to belong to any assembly definition file.
Script 'Packages/com.unity.visualscripting/Runtime/VisualScripting.Core/Reflection/TypeName.cs' will not be compiled because it exists outside the Assets folder and does not to belong to any assembly definition file.
Script 'Packages/com.unity.visualscripting/Runtime/VisualScripting.Core/Variables/IGraphDataWithVariables.cs' will not be compiled because it exists outside the Assets folder and does not to belong to any assembly definition file.
Script 'Packages/com.unity.visualscripting/Runtime/VisualScripting.Flow/Framework/Math/Maximum.cs' will not be compiled because it exists outside the Assets folder and does not to belong to any assembly definition file.
Script 'Packages/com.unity.visualscripting/Runtime/VisualScripting.Core/EditorBinding/Inspector/InspectViaImplementationsAttribute.cs' will not be compiled because it exists outside the Assets folder and does not to belong to any assembly definition file.
Script 'Packages/com.unity.visualscripting/Runtime/VisualScripting.Flow/FlowGraphData.cs' will not be compiled because it exists outside the Assets folder and does not to belong to any assembly definition file.
Script 'Packages/com.unity.visualscripting/Runtime/VisualScripting.Flow/Dependencies/NCalc/Expression.cs' will not be compiled because it exists outside the Assets folder and does not to belong to any assembly definition file.
Script 'Packages/com.unity.visualscripting/Runtime/VisualScripting.Flow/Framework/Codebase/MemberUnit.cs' will not be compiled because it exists outside the Assets folder and does not to belong to any assembly definition file.
Script 'Packages/com.unity.visualscripting/Runtime/VisualScripting.Core/Listeners/UIInterfaces/UnityOnDeselectMessageListener.cs' will not be compiled because it exists outside the Assets folder and does not to belong to any assembly definition file.
Begin MonoManager ReloadAssembly
- Loaded All Assemblies, in  1.205 seconds
Script 'Packages/com.unity.visualscripting/Runtime/VisualScripting.Flow/Framework/Events/GUI/OnToggleValueChanged.cs' will not be compiled because it exists outside the Assets folder and does not to belong to any assembly definition file.
Script 'Packages/com.unity.visualscripting/Runtime/VisualScripting.Flow/Framework/Events/CustomEvent.cs' will not be compiled because it exists outside the Assets folder and does not to belong to any assembly definition file.
Script 'Packages/com.unity.visualscripting/Runtime/VisualScripting.Core/Listeners/UIInterfaces/UnityOnEndDragMessageListener.cs' will not be compiled because it exists outside the Assets folder and does not to belong to any assembly definition file.
Script 'Packages/com.unity.visualscripting/Runtime/VisualScripting.Core/Reflection/Operators/LogicalNegationHandler.cs' will not be compiled because it exists outside the Assets folder and does not to belong to any assembly definition file.
Script 'Packages/com.unity.visualscripting/Runtime/VisualScripting.Core/Listeners/UIInterfaces/UnityOnMoveMessageListener.cs' will not be compiled because it exists outside the Assets folder and does not to belong to any assembly definition file.
Script 'Packages/com.unity.visualscripting/Runtime/VisualScripting.Flow/Framework/Control/Cache.cs' will not be compiled because it exists outside the Assets folder and does not to belong to any assembly definition file.
Script 'Packages/com.unity.visualscripting/Runtime/VisualScripting.Flow/Framework/Literal.cs' will not be compiled because it exists outside the Assets folder and does not to belong to any assembly definition file.
Script 'Packages/com.unity.visualscripting/Runtime/VisualScripting.Core/Listeners/UIInterfaces/UnityOnPointerClickMessageListener.cs' will not be compiled because it exists outside the Assets folder and does not to belong to any assembly definition file.
Script 'Packages/com.unity.visualscripting/Runtime/VisualScripting.Flow/Framework/Math/Scalar/ScalarSum.cs' will not be compiled because it exists outside the Assets folder and does not to belong to any assembly definition file.
Script 'Packages/com.unity.visualscripting/Runtime/VisualScripting.Flow/Ports/IUnitPortDefinition.cs' will not be compiled because it exists outside the Assets folder and does not to belong to any assembly definition file.
Script 'Packages/com.unity.visualscripting/Runtime/VisualScripting.Flow/Framework/Math/Vector3/Vector3Normalize.cs' will not be compiled because it exists outside the Assets folder and does not to belong to any assembly definition file.
Script 'Packages/com.unity.visualscripting/Runtime/VisualScripting.State/IStateDebugData.cs' will not be compiled because it exists outside the Assets folder and does not to belong to any assembly definition file.
Script 'Packages/com.unity.visualscripting/Runtime/VisualScripting.Flow/Framework/Variables/Obsolete/IsObjectVariableDefined.cs' will not be compiled because it exists outside the Assets folder and does not to belong to any assembly definition file.
Script 'Packages/com.unity.visualscripting/Runtime/VisualScripting.Flow/Framework/Time/Timer.cs' will not be compiled because it exists outside the Assets folder and does not to belong to any assembly definition file.
Script 'Packages/com.unity.visualscripting/Runtime/VisualScripting.Flow/Framework/Math/Generic/GenericSubtract.cs' will not be compiled because it exists outside the Assets folder and does not to belong to any assembly definition file.
Script 'Packages/com.unity.visualscripting/Runtime/VisualScripting.Core/Listeners/MonoBehaviour/UnityOnCollisionExitMessageListener.cs' will not be compiled because it exists outside the Assets folder and does not to belong to any assembly definition file.
Script 'Packages/com.unity.visualscripting/Runtime/VisualScripting.Flow/Framework/Math/Vector2/Vector2Average.cs' will not be compiled because it exists outside the Assets folder and does not to belong to any assembly definition file.
Script 'Packages/com.unity.visualscripting/Runtime/VisualScripting.Flow/Dependencies/NCalc/EvaluationException.cs' will not be compiled because it exists outside the Assets folder and does not to belong to any assembly definition file.
Script 'Packages/com.unity.visualscripting/Runtime/VisualScripting.Flow/Framework/Math/Vector3/Vector3Maximum.cs' will not be compiled because it exists outside the Assets folder and does not to belong to any assembly definition file.
Script 'Packages/com.unity.visualscripting/Runtime/VisualScripting.Core/Ensure/Extensions/XComparable.cs' will not be compiled because it exists outside the Assets folder and does not to belong to any assembly definition file.
Script 'Packages/com.unity.visualscripting/Runtime/VisualScripting.Flow/Dependencies/NCalc/FunctionArgs.cs' will not be compiled because it exists outside the Assets folder and does not to belong to any assembly definition file.
Script 'Packages/com.unity.visualscripting/Runtime/VisualScripting.Core/Collections/IMergedCollection.cs' will not be compiled because it exists outside the Assets folder and does not to belong to any assembly definition file.
Script 'Packages/com.unity.visualscripting/Runtime/VisualScripting.Core/Listeners/UIInterfaces/UnityOnCancelMessageListener.cs' will not be compiled because it exists outside the Assets folder and does not to belong to any assembly definition file.
Script 'Packages/com.unity.visualscripting/Runtime/VisualScripting.Core/Listeners/MonoBehaviour/UnityOnMouseDownMessageListener.cs' will not be compiled because it exists outside the Assets folder and does not to belong to any assembly definition file.
Script 'Packages/com.unity.visualscripting/Runtime/VisualScripting.Core/EditorBinding/InspectableIfAttribute.cs' will not be compiled because it exists outside the Assets folder and does not to belong to any assembly definition file.
Script 'Packages/com.unity.visualscripting/Runtime/VisualScripting.Flow/Framework/Graph/SetScriptGraph.cs' will not be compiled because it exists outside the Assets folder and does not to belong to any assembly definition file.
Script 'Packages/com.unity.visualscripting/Runtime/VisualScripting.Core/Reflection/TypeNameDetail.cs' will not be compiled because it exists outside the Assets folder and does not to belong to any assembly definition file.
Script 'Packages/com.unity.visualscripting/Runtime/VisualScripting.Core/Reflection/Optimization/InstanceFunctionInvokerBase.cs' will not be compiled because it exists outside the Assets folder and does not to belong to any assembly definition file.
Script 'Packages/com.unity.visualscripting/Runtime/VisualScripting.Core/Dependencies/FullSerializer/Converters/Unity/GUIStyleState_DirectConverter.cs' will not be compiled because it exists outside the Assets folder and does not to belong to any assembly definition file.
Script 'Packages/com.unity.visualscripting/Runtime/VisualScripting.Core/Collections/INotifyCollectionChanged.cs' will not be compiled because it exists outside the Assets folder and does not to belong to any assembly definition file.
Script 'Packages/com.unity.visualscripting/Runtime/VisualScripting.Flow/Framework/Variables/Obsolete/IsSceneVariableDefined.cs' will not be compiled because it exists outside the Assets folder and does not to belong to any assembly definition file.
Script 'Packages/com.unity.visualscripting/Runtime/VisualScripting.Core/Reflection/Operators/InvalidOperatorException.cs' will not be compiled because it exists outside the Assets folder and does not to belong to any assembly definition file.
Script 'Packages/com.unity.visualscripting/Runtime/VisualScripting.Flow/Framework/Control/IBranchUnit.cs' will not be compiled because it exists outside the Assets folder and does not to belong to any assembly definition file.
Script 'Packages/com.unity.visualscripting/Runtime/VisualScripting.Core/Reflection/Optimization/InstanceInvokerBase.cs' will not be compiled because it exists outside the Assets folder and does not to belong to any assembly definition file.
Script 'Packages/com.unity.visualscripting/Runtime/VisualScripting.Core/Profiling/ProfilingScope.cs' will not be compiled because it exists outside the Assets folder and does not to belong to any assembly definition file.
Script 'Packages/com.unity.visualscripting/Runtime/VisualScripting.Core/Unity/RequiresUnityAPIAttribute.cs' will not be compiled because it exists outside the Assets folder and does not to belong to any assembly definition file.
Script 'Packages/com.unity.visualscripting/Runtime/VisualScripting.Core/EditorBinding/Inspector/InspectorActionDirectionAttribute.cs' will not be compiled because it exists outside the Assets folder and does not to belong to any assembly definition file.
Script 'Packages/com.unity.visualscripting/Runtime/VisualScripting.Flow/Framework/Graph/ScriptGraphContainerType.cs' will not be compiled because it exists outside the Assets folder and does not to belong to any assembly definition file.
Script 'Packages/com.unity.visualscripting/Runtime/VisualScripting.Core/Collections/INotifiedCollectionItem.cs' will not be compiled because it exists outside the Assets folder and does not to belong to any assembly definition file.
Script 'Packages/com.unity.visualscripting/Runtime/VisualScripting.Flow/Framework/Events/Hierarchy/OnTransformChildrenChanged.cs' will not be compiled because it exists outside the Assets folder and does not to belong to any assembly definition file.
Script 'Packages/com.unity.visualscripting/Runtime/VisualScripting.Flow/Framework/Control/For.cs' will not be compiled because it exists outside the Assets folder and does not to belong to any assembly definition file.
Script 'Packages/com.unity.visualscripting/Runtime/VisualScripting.Flow/Framework/Math/Vector3/Vector3PerSecond.cs' will not be compiled because it exists outside the Assets folder and does not to belong to any assembly definition file.
Script 'Packages/com.unity.visualscripting/Runtime/VisualScripting.Core/Reflection/TypeFilter.cs' will not be compiled because it exists outside the Assets folder and does not to belong to any assembly definition file.
Script 'Packages/com.unity.visualscripting/Runtime/VisualScripting.Flow/Framework/Control/If.cs' will not be compiled because it exists outside the Assets folder and does not to belong to any assembly definition file.
Script 'Packages/com.unity.visualscripting/Runtime/VisualScripting.Core/Reflection/Optimization/InstanceFunctionInvoker_1.cs' will not be compiled because it exists outside the Assets folder and does not to belong to any assembly definition file.
Script 'Packages/com.unity.visualscripting/Runtime/VisualScripting.Flow/Framework/Variables/Obsolete/IsSavedVariableDefined.cs' will not be compiled because it exists outside the Assets folder and does not to belong to any assembly definition file.
Script 'Packages/com.unity.visualscripting/Runtime/VisualScripting.Flow/Framework/Math/Generic/GenericModulo.cs' will not be compiled because it exists outside the Assets folder and does not to belong to any assembly definition file.
Script 'Packages/com.unity.visualscripting/Runtime/VisualScripting.Core/Graphs/IGraphElementCollection.cs' will not be compiled because it exists outside the Assets folder and does not to belong to any assembly definition file.
Script 'Packages/com.unity.visualscripting/Runtime/VisualScripting.State/IStateTransitionDebugData.cs' will not be compiled because it exists outside the Assets folder and does not to belong to any assembly definition file.
Script 'Packages/com.unity.visualscripting/Runtime/VisualScripting.Core/Variables/SavedVariables.cs' will not be compiled because it exists outside the Assets folder and does not to belong to any assembly definition file.
Script 'Packages/com.unity.visualscripting/Runtime/VisualScripting.Flow/Framework/Graph/HasScriptGraph.cs' will not be compiled because it exists outside the Assets folder and does not to belong to any assembly definition file.
Script 'Packages/com.unity.visualscripting/Runtime/VisualScripting.Flow/Framework/Events/GUI/OnSubmit.cs' will not be compiled because it exists outside the Assets folder and does not to belong to any assembly definition file.
Script 'Packages/com.unity.visualscripting/Runtime/VisualScripting.Core/Graphs/IGraphElement.cs' will not be compiled because it exists outside the Assets folder and does not to belong to any assembly definition file.
Script 'Packages/com.unity.visualscripting/Runtime/VisualScripting.Flow/Framework/Events/Physics/OnCollisionStay.cs' will not be compiled because it exists outside the Assets folder and does not to belong to any assembly definition file.
Script 'Packages/com.unity.visualscripting/Runtime/VisualScripting.Flow/Dependencies/NCalc/EvaluationOption.cs' will not be compiled because it exists outside the Assets folder and does not to belong to any assembly definition file.
Script 'Packages/com.unity.visualscripting/Runtime/VisualScripting.Core/Collections/GuidCollection.cs' will not be compiled because it exists outside the Assets folder and does not to belong to any assembly definition file.
Script 'Packages/com.unity.visualscripting/Runtime/VisualScripting.Flow/Framework/Math/Generic/GenericSum.cs' will not be compiled because it exists outside the Assets folder and does not to belong to any assembly definition file.
Script 'Packages/com.unity.visualscripting/Runtime/VisualScripting.Flow/Dependencies/NCalc/EvaluationVisitor.cs' will not be compiled because it exists outside the Assets folder and does not to belong to any assembly definition file.
Script 'Packages/com.unity.visualscripting/Runtime/VisualScripting.Flow/Framework/Codebase/Expose.cs' will not be compiled because it exists outside the Assets folder and does not to belong to any assembly definition file.
Script 'Packages/com.unity.visualscripting/Runtime/VisualScripting.Core/Variables/ObjectVariables.cs' will not be compiled because it exists outside the Assets folder and does not to belong to any assembly definition file.
Script 'Packages/com.unity.visualscripting/Runtime/VisualScripting.Flow/Ports/IUnitOutputPortDefinition.cs' will not be compiled because it exists outside the Assets folder and does not to belong to any assembly definition file.
Script 'Packages/com.unity.visualscripting/Runtime/VisualScripting.Core/Reflection/TypeUtility.cs' will not be compiled because it exists outside the Assets folder and does not to belong to any assembly definition file.
Script 'Packages/com.unity.visualscripting/Runtime/VisualScripting.State/IStateTransition.cs' will not be compiled because it exists outside the Assets folder and does not to belong to any assembly definition file.
Script 'Packages/com.unity.visualscripting/Runtime/VisualScripting.Flow/Framework/This.cs' will not be compiled because it exists outside the Assets folder and does not to belong to any assembly definition file.
Script 'Packages/com.unity.visualscripting/Runtime/VisualScripting.Core/Events/EventBus.cs' will not be compiled because it exists outside the Assets folder and does not to belong to any assembly definition file.
Script 'Packages/com.unity.visualscripting/Runtime/VisualScripting.Core/Listeners/MonoBehaviour/UnityOnJointBreak2DMessageListener.cs' will not be compiled because it exists outside the Assets folder and does not to belong to any assembly definition file.
Script 'Packages/com.unity.visualscripting/Runtime/VisualScripting.Flow/Framework/Events/Physics/OnJointBreak.cs' will not be compiled because it exists outside the Assets folder and does not to belong to any assembly definition file.
Script 'Packages/com.unity.visualscripting/Runtime/VisualScripting.Core/Properties/AssemblyInfo.cs' will not be compiled because it exists outside the Assets folder and does not to belong to any assembly definition file.
Script 'Packages/com.unity.visualscripting/Runtime/VisualScripting.Core/Reflection/Operators/LeftShiftHandler.cs' will not be compiled because it exists outside the Assets folder and does not to belong to any assembly definition file.
Script 'Packages/com.unity.visualscripting/Runtime/VisualScripting.Core/EditorBinding/Inspector/InspectorLabelAttribute.cs' will not be compiled because it exists outside the Assets folder and does not to belong to any assembly definition file.
Script 'Packages/com.unity.visualscripting/Runtime/VisualScripting.Core/Reflection/Optimization/InstanceFunctionInvoker_2.cs' will not be compiled because it exists outside the Assets folder and does not to belong to any assembly definition file.
Script 'Packages/com.unity.visualscripting/Runtime/VisualScripting.Core/Profiling/ProfiledSegment.cs' will not be compiled because it exists outside the Assets folder and does not to belong to any assembly definition file.
Script 'Packages/com.unity.visualscripting/Runtime/VisualScripting.State/INesterStateTransition.cs' will not be compiled because it exists outside the Assets folder and does not to belong to any assembly definition file.
Script 'Packages/com.unity.visualscripting/Runtime/VisualScripting.Flow/Framework/Math/Vector3/Vector3Minimum.cs' will not be compiled because it exists outside the Assets folder and does not to belong to any assembly definition file.
Script 'Packages/com.unity.visualscripting/Runtime/VisualScripting.Core/Listeners/MonoBehaviour/UnityOnJointBreakMessageListener.cs' will not be compiled because it exists outside the Assets folder and does not to belong to any assembly definition file.
Script 'Packages/com.unity.visualscripting/Runtime/VisualScripting.Core/Dependencies/FullSerializer/Reflection/fsTypeCache.cs' will not be compiled because it exists outside the Assets folder and does not to belong to any assembly definition file.
Script 'Packages/com.unity.visualscripting/Runtime/VisualScripting.Core/Dependencies/FullSerializer/fsBaseConverter.cs' will not be compiled because it exists outside the Assets folder and does not to belong to any assembly definition file.
Script 'Packages/com.unity.visualscripting/Runtime/VisualScripting.Core/Dependencies/FullSerializer/Converters/Unity/Bounds_DirectConverter.cs' will not be compiled because it exists outside the Assets folder and does not to belong to any assembly definition file.
Script 'Packages/com.unity.visualscripting/Runtime/VisualScripting.Core/Reflection/Optimization/InstanceFunctionInvoker_3.cs' will not be compiled because it exists outside the Assets folder and does not to belong to any assembly definition file.
Script 'Packages/com.unity.visualscripting/Runtime/VisualScripting.Flow/Framework/Events/Physics/CollisionEventUnit.cs' will not be compiled because it exists outside the Assets folder and does not to belong to any assembly definition file.
Script 'Packages/com.unity.visualscripting/Runtime/VisualScripting.Flow/Framework/Math/Generic/GenericDivide.cs' will not be compiled because it exists outside the Assets folder and does not to belong to any assembly definition file.
Script 'Packages/com.unity.visualscripting/Runtime/VisualScripting.Flow/Framework/Variables/Obsolete/SetApplicationVariable.cs' will not be compiled because it exists outside the Assets folder and does not to belong to any assembly definition file.
Script 'Packages/com.unity.visualscripting/Runtime/VisualScripting.Core/Unity/LudiqScriptableObject.cs' will not be compiled because it exists outside the Assets folder and does not to belong to any assembly definition file.
Script 'Packages/com.unity.visualscripting/Runtime/VisualScripting.Core/Reflection/Operators/LessThanHandler.cs' will not be compiled because it exists outside the Assets folder and does not to belong to any assembly definition file.
Script 'Packages/com.unity.visualscripting/Runtime/VisualScripting.Core/Dependencies/FullSerializer/fsConfig.cs' will not be compiled because it exists outside the Assets folder and does not to belong to any assembly definition file.
Script 'Packages/com.unity.visualscripting/Runtime/VisualScripting.Flow/Framework/Control/Once.cs' will not be compiled because it exists outside the Assets folder and does not to belong to any assembly definition file.
Script 'Packages/com.unity.visualscripting/Runtime/VisualScripting.Core/Listeners/UIInterfaces/UnityOnDragMessageListener.cs' will not be compiled because it exists outside the Assets folder and does not to belong to any assembly definition file.
Script 'Packages/com.unity.visualscripting/Runtime/VisualScripting.State/Framework/Graph/HasStateGraph.cs' will not be compiled because it exists outside the Assets folder and does not to belong to any assembly definition file.
Script 'Packages/com.unity.visualscripting/Runtime/VisualScripting.Core/Collections/IKeyedCollection.cs' will not be compiled because it exists outside the Assets folder and does not to belong to any assembly definition file.
Script 'Packages/com.unity.visualscripting/Runtime/VisualScripting.Flow/Framework/Nulls/Null.cs' will not be compiled because it exists outside the Assets folder and does not to belong to any assembly definition file.
Script 'Packages/com.unity.visualscripting/Runtime/VisualScripting.Flow/Framework/Math/Vector2/DeprecatedVector2Add.cs' will not be compiled because it exists outside the Assets folder and does not to belong to any assembly definition file.
Script 'Packages/com.unity.visualscripting/Runtime/VisualScripting.Core/Dependencies/FullSerializer/fsAotCompilationManager.cs' will not be compiled because it exists outside the Assets folder and does not to belong to any assembly definition file.
Script 'Packages/com.unity.visualscripting/Runtime/VisualScripting.Flow/Framework/Variables/Obsolete/IsVariableDefinedUnit.cs' will not be compiled because it exists outside the Assets folder and does not to belong to any assembly definition file.
Script 'Packages/com.unity.visualscripting/Runtime/VisualScripting.Flow/Framework/Math/Vector3/Vector3Modulo.cs' will not be compiled because it exists outside the Assets folder and does not to belong to any assembly definition file.
Script 'Packages/com.unity.visualscripting/Runtime/VisualScripting.Core/Listeners/UIInterfaces/UnityOnDropMessageListener.cs' will not be compiled because it exists outside the Assets folder and does not to belong to any assembly definition file.
Script 'Packages/com.unity.visualscripting/Runtime/VisualScripting.Flow/Ports/IUnitValuePort.cs' will not be compiled because it exists outside the Assets folder and does not to belong to any assembly definition file.
Script 'Packages/com.unity.visualscripting/Runtime/VisualScripting.Core/Dependencies/FullSerializer/Reflection/fsReflectionUtility.cs' will not be compiled because it exists outside the Assets folder and does not to belong to any assembly definition file.
Script 'Packages/com.unity.visualscripting/Runtime/VisualScripting.Core/Events/EventHook.cs' will not be compiled because it exists outside the Assets folder and does not to belong to any assembly definition file.
Script 'Packages/com.unity.visualscripting/Runtime/VisualScripting.Core/Graphs/IGraphDebugData.cs' will not be compiled because it exists outside the Assets folder and does not to belong to any assembly definition file.
Script 'Packages/com.unity.visualscripting/Runtime/VisualScripting.Flow/Framework/Graph/HasGraph.cs' will not be compiled because it exists outside the Assets folder and does not to belong to any assembly definition file.
Script 'Packages/com.unity.visualscripting/Runtime/VisualScripting.Core/Variables/ApplicationVariables.cs' will not be compiled because it exists outside the Assets folder and does not to belong to any assembly definition file.
Script 'Packages/com.unity.visualscripting/Runtime/VisualScripting.Flow/Ports/InvalidInput.cs' will not be compiled because it exists outside the Assets folder and does not to belong to any assembly definition file.
Script 'Packages/com.unity.visualscripting/Runtime/VisualScripting.Flow/Ports/InvalidOutput.cs' will not be compiled because it exists outside the Assets folder and does not to belong to any assembly definition file.
Script 'Packages/com.unity.visualscripting/Runtime/VisualScripting.Flow/Framework/Codebase/GetMember.cs' will not be compiled because it exists outside the Assets folder and does not to belong to any assembly definition file.
Script 'Packages/com.unity.visualscripting/Runtime/VisualScripting.Flow/Framework/Math/Vector2/Vector2Angle.cs' will not be compiled because it exists outside the Assets folder and does not to belong to any assembly definition file.
Script 'Packages/com.unity.visualscripting/Runtime/VisualScripting.Flow/Dependencies/NCalc/IdentifierExpression.cs' will not be compiled because it exists outside the Assets folder and does not to belong to any assembly definition file.
Script 'Packages/com.unity.visualscripting/Runtime/VisualScripting.Core/Unity/IGizmoDrawer.cs' will not be compiled because it exists outside the Assets folder and does not to belong to any assembly definition file.
Script 'Packages/com.unity.visualscripting/Runtime/VisualScripting.Flow/Ports/IUnitValuePortDefinition.cs' will not be compiled because it exists outside the Assets folder and does not to belong to any assembly definition file.
Script 'Packages/com.unity.visualscripting/Runtime/VisualScripting.Core/Reflection/RenamedFromAttribute.cs' will not be compiled because it exists outside the Assets folder and does not to belong to any assembly definition file.
Script 'Packages/com.unity.visualscripting/Runtime/VisualScripting.Flow/Framework/Events/Application/OnApplicationResume.cs' will not be compiled because it exists outside the Assets folder and does not to belong to any assembly definition file.
Script 'Packages/com.unity.visualscripting/Runtime/VisualScripting.Core/EditorBinding/Inspector/InspectorAdaptiveWidthAttribute.cs' will not be compiled because it exists outside the Assets folder and does not to belong to any assembly definition file.
Script 'Packages/com.unity.visualscripting/Runtime/VisualScripting.Core/Graphs/IGraphElementDebugData.cs' will not be compiled because it exists outside the Assets folder and does not to belong to any assembly definition file.
Script 'Packages/com.unity.visualscripting/Runtime/VisualScripting.Core/Listeners/MonoBehaviour/UnityOnCollisionStay2DMessageListener.cs' will not be compiled because it exists outside the Assets folder and does not to belong to any assembly definition file.
Script 'Packages/com.unity.visualscripting/Runtime/VisualScripting.Core/Dependencies/FullSerializer/Reflection/fsMetaType.cs' will not be compiled because it exists outside the Assets folder and does not to belong to any assembly definition file.
Script 'Packages/com.unity.visualscripting/Runtime/VisualScripting.Flow/Framework/Events/GameObjectEventUnit.cs' will not be compiled because it exists outside the Assets folder and does not to belong to any assembly definition file.
Script 'Packages/com.unity.visualscripting/Runtime/VisualScripting.Core/Reflection/RenamedNamespaceAttribute.cs' will not be compiled because it exists outside the Assets folder and does not to belong to any assembly definition file.
Script 'Packages/com.unity.visualscripting/Runtime/VisualScripting.Core/Reflection/Optimization/InstanceFunctionInvoker_0.cs' will not be compiled because it exists outside the Assets folder and does not to belong to any assembly definition file.
Script 'Packages/com.unity.visualscripting/Runtime/VisualScripting.Core/Graphs/IGraphElementData.cs' will not be compiled because it exists outside the Assets folder and does not to belong to any assembly definition file.
Script 'Packages/com.unity.visualscripting/Runtime/VisualScripting.Flow/Framework/Events/Hierarchy/OnTransformParentChanged.cs' will not be compiled because it exists outside the Assets folder and does not to belong to any assembly definition file.
Script 'Packages/com.unity.visualscripting/Runtime/VisualScripting.State/NesterState.cs' will not be compiled because it exists outside the Assets folder and does not to belong to any assembly definition file.
Script 'Packages/com.unity.visualscripting/Runtime/VisualScripting.Core/Profiling/ProfiledSegmentCollection.cs' will not be compiled because it exists outside the Assets folder and does not to belong to any assembly definition file.
Script 'Packages/com.unity.visualscripting/Runtime/VisualScripting.Core/Graphs/IGraphData.cs' will not be compiled because it exists outside the Assets folder and does not to belong to any assembly definition file.
Script 'Packages/com.unity.visualscripting/Runtime/VisualScripting.Core/Utilities/XColor.cs' will not be compiled because it exists outside the Assets folder and does not to belong to any assembly definition file.
Script 'Packages/com.unity.visualscripting/Runtime/VisualScripting.Flow/Framework/Events/CustomEventArgs.cs' will not be compiled because it exists outside the Assets folder and does not to belong to any assembly definition file.
Script 'Packages/com.unity.visualscripting/Runtime/VisualScripting.Flow/Framework/Events/Physics/OnCollisionEnter.cs' will not be compiled because it exists outside the Assets folder and does not to belong to any assembly definition file.
Script 'Packages/com.unity.visualscripting/Runtime/VisualScripting.Core/Reflection/RuntimeCodebase.cs' will not be compiled because it exists outside the Assets folder and does not to belong to any assembly definition file.
Script 'Packages/com.unity.visualscripting/Runtime/VisualScripting.Core/Profiling/ProfilingUtility.cs' will not be compiled because it exists outside the Assets folder and does not to belong to any assembly definition file.
Script 'Packages/com.unity.visualscripting/Runtime/VisualScripting.Core/Dependencies/FullSerializer/Converters/Unity/GUIStyle_DirectConverter.cs' will not be compiled because it exists outside the Assets folder and does not to belong to any assembly definition file.
Script 'Packages/com.unity.visualscripting/Runtime/VisualScripting.Core/Collections/DebugDictionary.cs' will not be compiled because it exists outside the Assets folder and does not to belong to any assembly definition file.
Script 'Packages/com.unity.visualscripting/Runtime/VisualScripting.Flow/Framework/Math/Sum.cs' will not be compiled because it exists outside the Assets folder and does not to belong to any assembly definition file.
Script 'Packages/com.unity.visualscripting/Runtime/VisualScripting.Flow/Dependencies/NCalc/FunctionExpression.cs' will not be compiled because it exists outside the Assets folder and does not to belong to any assembly definition file.
Script 'Packages/com.unity.visualscripting/Runtime/VisualScripting.Core/Unity/MacroScriptableObject.cs' will not be compiled because it exists outside the Assets folder and does not to belong to any assembly definition file.
Script 'Packages/com.unity.visualscripting/Runtime/VisualScripting.Flow/Framework/Control/ForEach.cs' will not be compiled because it exists outside the Assets folder and does not to belong to any assembly definition file.
Script 'Packages/com.unity.visualscripting/Runtime/VisualScripting.Core/Reflection/Operators/LessThanOrEqualHandler.cs' will not be compiled because it exists outside the Assets folder and does not to belong to any assembly definition file.
Script 'Packages/com.unity.visualscripting/Runtime/VisualScripting.Core/Listeners/MonoBehaviour/UnityOnCollisionStayMessageListener.cs' will not be compiled because it exists outside the Assets folder and does not to belong to any assembly definition file.
Script 'Packages/com.unity.visualscripting/Runtime/VisualScripting.Core/Reflection/Operators/MultiplicationHandler.cs' will not be compiled because it exists outside the Assets folder and does not to belong to any assembly definition file.
Script 'Packages/com.unity.visualscripting/Runtime/VisualScripting.Flow/Framework/Math/Vector2/Vector2Absolute.cs' will not be compiled because it exists outside the Assets folder and does not to belong to any assembly definition file.
Script 'Packages/com.unity.visualscripting/Runtime/VisualScripting.Flow/Framework/Math/Vector3/Vector3MoveTowards.cs' will not be compiled because it exists outside the Assets folder and does not to belong to any assembly definition file.
Script 'Packages/com.unity.visualscripting/Runtime/VisualScripting.Flow/Ports/IUnitPort.cs' will not be compiled because it exists outside the Assets folder and does not to belong to any assembly definition file.
Script 'Packages/com.unity.visualscripting/Runtime/VisualScripting.Flow/Framework/Events/Physics/OnCollisionExit.cs' will not be compiled because it exists outside the Assets folder and does not to belong to any assembly definition file.
Script 'Packages/com.unity.visualscripting/Runtime/VisualScripting.Flow/Framework/Math/Vector3/Vector3Multiply.cs' will not be compiled because it exists outside the Assets folder and does not to belong to any assembly definition file.
Script 'Packages/com.unity.visualscripting/Runtime/VisualScripting.Core/Unity/IUnityObjectOwnable.cs' will not be compiled because it exists outside the Assets folder and does not to belong to any assembly definition file.
Script 'Packages/com.unity.visualscripting/Runtime/VisualScripting.Flow/Framework/Codebase/InvokeMember.cs' will not be compiled because it exists outside the Assets folder and does not to belong to any assembly definition file.
Script 'Packages/com.unity.visualscripting/Runtime/VisualScripting.Flow/Framework/Variables/Obsolete/SetObjectVariable.cs' will not be compiled because it exists outside the Assets folder and does not to belong to any assembly definition file.
Script 'Packages/com.unity.visualscripting/Runtime/VisualScripting.Flow/Framework/Events/GlobalEventUnit.cs' will not be compiled because it exists outside the Assets folder and does not to belong to any assembly definition file.
Script 'Packages/com.unity.visualscripting/Runtime/VisualScripting.Core/Collections/FlexibleDictionary.cs' will not be compiled because it exists outside the Assets folder and does not to belong to any assembly definition file.
Script 'Packages/com.unity.visualscripting/Runtime/VisualScripting.Core/Variables/InspectorVariableNameAttribute.cs' will not be compiled because it exists outside the Assets folder and does not to belong to any assembly definition file.
Script 'Packages/com.unity.visualscripting/Runtime/VisualScripting.Flow/Framework/Math/Lerp.cs' will not be compiled because it exists outside the Assets folder and does not to belong to any assembly definition file.
Script 'Packages/com.unity.visualscripting/Runtime/VisualScripting.Core/EditorBinding/Inspector/InspectorDelayedAttribute.cs' will not be compiled because it exists outside the Assets folder and does not to belong to any assembly definition file.
Script 'Packages/com.unity.visualscripting/Runtime/VisualScripting.Core/Graphs/IGraph.cs' will not be compiled because it exists outside the Assets folder and does not to belong to any assembly definition file.
Script 'Packages/com.unity.visualscripting/Runtime/VisualScripting.Core/Dependencies/FullSerializer/Converters/Unity/InputAction_DirectConverter.cs' will not be compiled because it exists outside the Assets folder and does not to belong to any assembly definition file.
Script 'Packages/com.unity.visualscripting/Runtime/VisualScripting.Core/Events/EmptyEventArgs.cs' will not be compiled because it exists outside the Assets folder and does not to belong to any assembly definition file.
Script 'Packages/com.unity.visualscripting/Runtime/VisualScripting.Core/Reflection/Optimization/InstanceFunctionInvoker_5.cs' will not be compiled because it exists outside the Assets folder and does not to belong to any assembly definition file.
Script 'Packages/com.unity.visualscripting/Runtime/VisualScripting.Flow/Ports/IUnitPortCollection.cs' will not be compiled because it exists outside the Assets folder and does not to belong to any assembly definition file.
Script 'Packages/com.unity.visualscripting/Runtime/VisualScripting.Core/Ensure/Extensions/XString.cs' will not be compiled because it exists outside the Assets folder and does not to belong to any assembly definition file.
Script 'Packages/com.unity.visualscripting/Runtime/VisualScripting.Core/Ensure/ExceptionMessages.cs' will not be compiled because it exists outside the Assets folder and does not to belong to any assembly definition file.
Script 'Packages/com.unity.visualscripting/Runtime/VisualScripting.Flow/Framework/Nulls/NullCheck.cs' will not be compiled because it exists outside the Assets folder and does not to belong to any assembly definition file.
Script 'Packages/com.unity.visualscripting/Runtime/VisualScripting.Flow/Framework/Graph/SetGraph.cs' will not be compiled because it exists outside the Assets folder and does not to belong to any assembly definition file.
Script 'Packages/com.unity.visualscripting/Runtime/VisualScripting.Flow/Framework/Events/Physics/OnControllerColliderHit.cs' will not be compiled because it exists outside the Assets folder and does not to belong to any assembly definition file.
Script 'Packages/com.unity.visualscripting/Runtime/VisualScripting.Flow/Framework/Math/Generic/GenericMultiply.cs' will not be compiled because it exists outside the Assets folder and does not to belong to any assembly definition file.
Script 'Packages/com.unity.visualscripting/Runtime/VisualScripting.Flow/Framework/Time/Cooldown.cs' will not be compiled because it exists outside the Assets folder and does not to belong to any assembly definition file.
Script 'Packages/com.unity.visualscripting/Runtime/VisualScripting.Core/Reflection/Optimization/InstanceFunctionInvoker_4.cs' will not be compiled because it exists outside the Assets folder and does not to belong to any assembly definition file.
Script 'Packages/com.unity.visualscripting/Runtime/VisualScripting.Core/Dependencies/FullSerializer/Converters/Unity/AnimationCurve_DirectConverter.cs' will not be compiled because it exists outside the Assets folder and does not to belong to any assembly definition file.
Script 'Packages/com.unity.visualscripting/Runtime/VisualScripting.Core/Reflection/ActionDirection.cs' will not be compiled because it exists outside the Assets folder and does not to belong to any assembly definition file.
Script 'Packages/com.unity.visualscripting/Runtime/VisualScripting.Flow/Framework/Codebase/SetMember.cs' will not be compiled because it exists outside the Assets folder and does not to belong to any assembly definition file.
Script 'Packages/com.unity.visualscripting/Runtime/VisualScripting.Core/Unity/ISingleton.cs' will not be compiled because it exists outside the Assets folder and does not to belong to any assembly definition file.
Script 'Packages/com.unity.visualscripting/Runtime/VisualScripting.Flow/Framework/Logic/And.cs' will not be compiled because it exists outside the Assets folder and does not to belong to any assembly definition file.
Script 'Packages/com.unity.visualscripting/Runtime/VisualScripting.Flow/Framework/Control/ISelectUnit.cs' will not be compiled because it exists outside the Assets folder and does not to belong to any assembly definition file.
Script 'Packages/com.unity.visualscripting/Runtime/VisualScripting.Flow/Framework/Control/LoopUnit.cs' will not be compiled because it exists outside the Assets folder and does not to belong to any assembly definition file.
Script 'Packages/com.unity.visualscripting/Runtime/VisualScripting.Flow/Framework/Events/BoltUnityEvent.cs' will not be compiled because it exists outside the Assets folder and does not to belong to any assembly definition file.
Script 'Packages/com.unity.visualscripting/Runtime/VisualScripting.Core/Unity/LudiqBehaviour.cs' will not be compiled because it exists outside the Assets folder and does not to belong to any assembly definition file.
Script 'Packages/com.unity.visualscripting/Runtime/VisualScripting.Core/Listeners/MonoBehaviour/UnityOnControllerColliderHitMessageListener.cs' will not be compiled because it exists outside the Assets folder and does not to belong to any assembly definition file.
Script 'Packages/com.unity.visualscripting/Runtime/VisualScripting.Flow/Framework/Variables/Obsolete/SetGraphVariable.cs' will not be compiled because it exists outside the Assets folder and does not to belong to any assembly definition file.
Script 'Packages/com.unity.visualscripting/Runtime/VisualScripting.Flow/Framework/Events/Navigation/OnDestinationReached.cs' will not be compiled because it exists outside the Assets folder and does not to belong to any assembly definition file.
Script 'Packages/com.unity.visualscripting/Runtime/VisualScripting.Flow/Framework/Events/GUI/PointerEventUnit.cs' will not be compiled because it exists outside the Assets folder and does not to belong to any assembly definition file.
Script 'Packages/com.unity.visualscripting/Runtime/VisualScripting.Flow/Framework/Events/Application/OnApplicationQuit.cs' will not be compiled because it exists outside the Assets folder and does not to belong to any assembly definition file.
Script 'Packages/com.unity.visualscripting/Runtime/VisualScripting.State/INesterState.cs' will not be compiled because it exists outside the Assets folder and does not to belong to any assembly definition file.
Script 'Packages/com.unity.visualscripting/Runtime/VisualScripting.Core/Variables/IGraphWithVariables.cs' will not be compiled because it exists outside the Assets folder and does not to belong to any assembly definition file.
Script 'Packages/com.unity.visualscripting/Runtime/VisualScripting.Flow/Framework/Codebase/CreateStruct.cs' will not be compiled because it exists outside the Assets folder and does not to belong to any assembly definition file.
Script 'Packages/com.unity.visualscripting/Runtime/VisualScripting.State/IState.cs' will not be compiled because it exists outside the Assets folder and does not to belong to any assembly definition file.
Script 'Packages/com.unity.visualscripting/Runtime/VisualScripting.Core/EditorBinding/Inspector/InspectorExpandTooltipAttribute.cs' will not be compiled because it exists outside the Assets folder and does not to belong to any assembly definition file.
Script 'Packages/com.unity.visualscripting/Runtime/VisualScripting.Flow/Framework/Math/Subtract.cs' will not be compiled because it exists outside the Assets folder and does not to belong to any assembly definition file.
Script 'Packages/com.unity.visualscripting/Runtime/VisualScripting.Flow/Framework/Nulls/NullCoalesce.cs' will not be compiled because it exists outside the Assets folder and does not to belong to any assembly definition file.
Script 'Packages/com.unity.visualscripting/Runtime/VisualScripting.Core/Reflection/Operators/ModuloHandler.cs' will not be compiled because it exists outside the Assets folder and does not to belong to any assembly definition file.
Script 'Packages/com.unity.visualscripting/Runtime/VisualScripting.Core/Dependencies/FullSerializer/Converters/Unity/Gradient_DirectConverter.cs' will not be compiled because it exists outside the Assets folder and does not to belong to any assembly definition file.
Script 'Packages/com.unity.visualscripting/Runtime/VisualScripting.Flow/Framework/Math/Generic/DeprecatedGenericAdd.cs' will not be compiled because it exists outside the Assets folder and does not to belong to any assembly definition file.
Script 'Packages/com.unity.visualscripting/Runtime/VisualScripting.Core/Reflection/TypeQualifier.cs' will not be compiled because it exists outside the Assets folder and does not to belong to any assembly definition file.
Script 'Packages/com.unity.visualscripting/Runtime/VisualScripting.Core/Dependencies/FullSerializer/Reflection/fsMetaProperty.cs' will not be compiled because it exists outside the Assets folder and does not to belong to any assembly definition file.
Script 'Packages/com.unity.visualscripting/Runtime/VisualScripting.Core/Reflection/TypeName.cs' will not be compiled because it exists outside the Assets folder and does not to belong to any assembly definition file.
Script 'Packages/com.unity.visualscripting/Runtime/VisualScripting.Core/Variables/IGraphDataWithVariables.cs' will not be compiled because it exists outside the Assets folder and does not to belong to any assembly definition file.
Script 'Packages/com.unity.visualscripting/Runtime/VisualScripting.Flow/Framework/Math/Maximum.cs' will not be compiled because it exists outside the Assets folder and does not to belong to any assembly definition file.
Script 'Packages/com.unity.visualscripting/Runtime/VisualScripting.Core/EditorBinding/Inspector/InspectViaImplementationsAttribute.cs' will not be compiled because it exists outside the Assets folder and does not to belong to any assembly definition file.
Script 'Packages/com.unity.visualscripting/Runtime/VisualScripting.Flow/FlowGraphData.cs' will not be compiled because it exists outside the Assets folder and does not to belong to any assembly definition file.
Script 'Packages/com.unity.visualscripting/Runtime/VisualScripting.Flow/Dependencies/NCalc/Expression.cs' will not be compiled because it exists outside the Assets folder and does not to belong to any assembly definition file.
Script 'Packages/com.unity.visualscripting/Runtime/VisualScripting.Flow/Framework/Codebase/MemberUnit.cs' will not be compiled because it exists outside the Assets folder and does not to belong to any assembly definition file.
Script 'Packages/com.unity.visualscripting/Runtime/VisualScripting.Core/Listeners/UIInterfaces/UnityOnDeselectMessageListener.cs' will not be compiled because it exists outside the Assets folder and does not to belong to any assembly definition file.
Refreshing native plugins compatible for Editor in 1.78 ms, found 3 plugins.
Native extension for Android target not found
Native extension for WindowsStandalone target not found
Script 'Packages/com.unity.visualscripting/Runtime/VisualScripting.Flow/Framework/Events/GUI/OnToggleValueChanged.cs' will not be compiled because it exists outside the Assets folder and does not to belong to any assembly definition file.
Script 'Packages/com.unity.visualscripting/Runtime/VisualScripting.Flow/Framework/Events/CustomEvent.cs' will not be compiled because it exists outside the Assets folder and does not to belong to any assembly definition file.
Script 'Packages/com.unity.visualscripting/Runtime/VisualScripting.Core/Listeners/UIInterfaces/UnityOnEndDragMessageListener.cs' will not be compiled because it exists outside the Assets folder and does not to belong to any assembly definition file.
Script 'Packages/com.unity.visualscripting/Runtime/VisualScripting.Core/Reflection/Operators/LogicalNegationHandler.cs' will not be compiled because it exists outside the Assets folder and does not to belong to any assembly definition file.
Script 'Packages/com.unity.visualscripting/Runtime/VisualScripting.Core/Listeners/UIInterfaces/UnityOnMoveMessageListener.cs' will not be compiled because it exists outside the Assets folder and does not to belong to any assembly definition file.
Script 'Packages/com.unity.visualscripting/Runtime/VisualScripting.Flow/Framework/Control/Cache.cs' will not be compiled because it exists outside the Assets folder and does not to belong to any assembly definition file.
Script 'Packages/com.unity.visualscripting/Runtime/VisualScripting.Flow/Framework/Literal.cs' will not be compiled because it exists outside the Assets folder and does not to belong to any assembly definition file.
Script 'Packages/com.unity.visualscripting/Runtime/VisualScripting.Core/Listeners/UIInterfaces/UnityOnPointerClickMessageListener.cs' will not be compiled because it exists outside the Assets folder and does not to belong to any assembly definition file.
Script 'Packages/com.unity.visualscripting/Runtime/VisualScripting.Flow/Framework/Math/Scalar/ScalarSum.cs' will not be compiled because it exists outside the Assets folder and does not to belong to any assembly definition file.
Script 'Packages/com.unity.visualscripting/Runtime/VisualScripting.Flow/Ports/IUnitPortDefinition.cs' will not be compiled because it exists outside the Assets folder and does not to belong to any assembly definition file.
Script 'Packages/com.unity.visualscripting/Runtime/VisualScripting.Flow/Framework/Math/Vector3/Vector3Normalize.cs' will not be compiled because it exists outside the Assets folder and does not to belong to any assembly definition file.
Script 'Packages/com.unity.visualscripting/Runtime/VisualScripting.State/IStateDebugData.cs' will not be compiled because it exists outside the Assets folder and does not to belong to any assembly definition file.
Script 'Packages/com.unity.visualscripting/Runtime/VisualScripting.Flow/Framework/Variables/Obsolete/IsObjectVariableDefined.cs' will not be compiled because it exists outside the Assets folder and does not to belong to any assembly definition file.
Script 'Packages/com.unity.visualscripting/Runtime/VisualScripting.Flow/Framework/Time/Timer.cs' will not be compiled because it exists outside the Assets folder and does not to belong to any assembly definition file.
Script 'Packages/com.unity.visualscripting/Runtime/VisualScripting.Flow/Framework/Math/Generic/GenericSubtract.cs' will not be compiled because it exists outside the Assets folder and does not to belong to any assembly definition file.
Script 'Packages/com.unity.visualscripting/Runtime/VisualScripting.Core/Listeners/MonoBehaviour/UnityOnCollisionExitMessageListener.cs' will not be compiled because it exists outside the Assets folder and does not to belong to any assembly definition file.
Script 'Packages/com.unity.visualscripting/Runtime/VisualScripting.Flow/Framework/Math/Vector2/Vector2Average.cs' will not be compiled because it exists outside the Assets folder and does not to belong to any assembly definition file.
Script 'Packages/com.unity.visualscripting/Runtime/VisualScripting.Flow/Dependencies/NCalc/EvaluationException.cs' will not be compiled because it exists outside the Assets folder and does not to belong to any assembly definition file.
Script 'Packages/com.unity.visualscripting/Runtime/VisualScripting.Flow/Framework/Math/Vector3/Vector3Maximum.cs' will not be compiled because it exists outside the Assets folder and does not to belong to any assembly definition file.
Script 'Packages/com.unity.visualscripting/Runtime/VisualScripting.Core/Ensure/Extensions/XComparable.cs' will not be compiled because it exists outside the Assets folder and does not to belong to any assembly definition file.
Script 'Packages/com.unity.visualscripting/Runtime/VisualScripting.Flow/Dependencies/NCalc/FunctionArgs.cs' will not be compiled because it exists outside the Assets folder and does not to belong to any assembly definition file.
Script 'Packages/com.unity.visualscripting/Runtime/VisualScripting.Core/Collections/IMergedCollection.cs' will not be compiled because it exists outside the Assets folder and does not to belong to any assembly definition file.
Script 'Packages/com.unity.visualscripting/Runtime/VisualScripting.Core/Listeners/UIInterfaces/UnityOnCancelMessageListener.cs' will not be compiled because it exists outside the Assets folder and does not to belong to any assembly definition file.
Script 'Packages/com.unity.visualscripting/Runtime/VisualScripting.Core/Listeners/MonoBehaviour/UnityOnMouseDownMessageListener.cs' will not be compiled because it exists outside the Assets folder and does not to belong to any assembly definition file.
Script 'Packages/com.unity.visualscripting/Runtime/VisualScripting.Core/EditorBinding/InspectableIfAttribute.cs' will not be compiled because it exists outside the Assets folder and does not to belong to any assembly definition file.
Script 'Packages/com.unity.visualscripting/Runtime/VisualScripting.Flow/Framework/Graph/SetScriptGraph.cs' will not be compiled because it exists outside the Assets folder and does not to belong to any assembly definition file.
Script 'Packages/com.unity.visualscripting/Runtime/VisualScripting.Core/Reflection/TypeNameDetail.cs' will not be compiled because it exists outside the Assets folder and does not to belong to any assembly definition file.
Script 'Packages/com.unity.visualscripting/Runtime/VisualScripting.Core/Reflection/Optimization/InstanceFunctionInvokerBase.cs' will not be compiled because it exists outside the Assets folder and does not to belong to any assembly definition file.
Script 'Packages/com.unity.visualscripting/Runtime/VisualScripting.Core/Dependencies/FullSerializer/Converters/Unity/GUIStyleState_DirectConverter.cs' will not be compiled because it exists outside the Assets folder and does not to belong to any assembly definition file.
Script 'Packages/com.unity.visualscripting/Runtime/VisualScripting.Core/Collections/INotifyCollectionChanged.cs' will not be compiled because it exists outside the Assets folder and does not to belong to any assembly definition file.
Script 'Packages/com.unity.visualscripting/Runtime/VisualScripting.Flow/Framework/Variables/Obsolete/IsSceneVariableDefined.cs' will not be compiled because it exists outside the Assets folder and does not to belong to any assembly definition file.
Script 'Packages/com.unity.visualscripting/Runtime/VisualScripting.Core/Reflection/Operators/InvalidOperatorException.cs' will not be compiled because it exists outside the Assets folder and does not to belong to any assembly definition file.
Script 'Packages/com.unity.visualscripting/Runtime/VisualScripting.Flow/Framework/Control/IBranchUnit.cs' will not be compiled because it exists outside the Assets folder and does not to belong to any assembly definition file.
Script 'Packages/com.unity.visualscripting/Runtime/VisualScripting.Core/Reflection/Optimization/InstanceInvokerBase.cs' will not be compiled because it exists outside the Assets folder and does not to belong to any assembly definition file.
Script 'Packages/com.unity.visualscripting/Runtime/VisualScripting.Core/Profiling/ProfilingScope.cs' will not be compiled because it exists outside the Assets folder and does not to belong to any assembly definition file.
Script 'Packages/com.unity.visualscripting/Runtime/VisualScripting.Core/Unity/RequiresUnityAPIAttribute.cs' will not be compiled because it exists outside the Assets folder and does not to belong to any assembly definition file.
Script 'Packages/com.unity.visualscripting/Runtime/VisualScripting.Core/EditorBinding/Inspector/InspectorActionDirectionAttribute.cs' will not be compiled because it exists outside the Assets folder and does not to belong to any assembly definition file.
Script 'Packages/com.unity.visualscripting/Runtime/VisualScripting.Flow/Framework/Graph/ScriptGraphContainerType.cs' will not be compiled because it exists outside the Assets folder and does not to belong to any assembly definition file.
Script 'Packages/com.unity.visualscripting/Runtime/VisualScripting.Core/Collections/INotifiedCollectionItem.cs' will not be compiled because it exists outside the Assets folder and does not to belong to any assembly definition file.
Script 'Packages/com.unity.visualscripting/Runtime/VisualScripting.Flow/Framework/Events/Hierarchy/OnTransformChildrenChanged.cs' will not be compiled because it exists outside the Assets folder and does not to belong to any assembly definition file.
Script 'Packages/com.unity.visualscripting/Runtime/VisualScripting.Flow/Framework/Control/For.cs' will not be compiled because it exists outside the Assets folder and does not to belong to any assembly definition file.
Script 'Packages/com.unity.visualscripting/Runtime/VisualScripting.Flow/Framework/Math/Vector3/Vector3PerSecond.cs' will not be compiled because it exists outside the Assets folder and does not to belong to any assembly definition file.
Script 'Packages/com.unity.visualscripting/Runtime/VisualScripting.Core/Reflection/TypeFilter.cs' will not be compiled because it exists outside the Assets folder and does not to belong to any assembly definition file.
Script 'Packages/com.unity.visualscripting/Runtime/VisualScripting.Flow/Framework/Control/If.cs' will not be compiled because it exists outside the Assets folder and does not to belong to any assembly definition file.
Script 'Packages/com.unity.visualscripting/Runtime/VisualScripting.Core/Reflection/Optimization/InstanceFunctionInvoker_1.cs' will not be compiled because it exists outside the Assets folder and does not to belong to any assembly definition file.
Script 'Packages/com.unity.visualscripting/Runtime/VisualScripting.Flow/Framework/Variables/Obsolete/IsSavedVariableDefined.cs' will not be compiled because it exists outside the Assets folder and does not to belong to any assembly definition file.
Script 'Packages/com.unity.visualscripting/Runtime/VisualScripting.Flow/Framework/Math/Generic/GenericModulo.cs' will not be compiled because it exists outside the Assets folder and does not to belong to any assembly definition file.
Script 'Packages/com.unity.visualscripting/Runtime/VisualScripting.Core/Graphs/IGraphElementCollection.cs' will not be compiled because it exists outside the Assets folder and does not to belong to any assembly definition file.
Script 'Packages/com.unity.visualscripting/Runtime/VisualScripting.State/IStateTransitionDebugData.cs' will not be compiled because it exists outside the Assets folder and does not to belong to any assembly definition file.
Script 'Packages/com.unity.visualscripting/Runtime/VisualScripting.Core/Variables/SavedVariables.cs' will not be compiled because it exists outside the Assets folder and does not to belong to any assembly definition file.
Script 'Packages/com.unity.visualscripting/Runtime/VisualScripting.Flow/Framework/Graph/HasScriptGraph.cs' will not be compiled because it exists outside the Assets folder and does not to belong to any assembly definition file.
Script 'Packages/com.unity.visualscripting/Runtime/VisualScripting.Flow/Framework/Events/GUI/OnSubmit.cs' will not be compiled because it exists outside the Assets folder and does not to belong to any assembly definition file.
Script 'Packages/com.unity.visualscripting/Runtime/VisualScripting.Core/Graphs/IGraphElement.cs' will not be compiled because it exists outside the Assets folder and does not to belong to any assembly definition file.
Script 'Packages/com.unity.visualscripting/Runtime/VisualScripting.Flow/Framework/Events/Physics/OnCollisionStay.cs' will not be compiled because it exists outside the Assets folder and does not to belong to any assembly definition file.
Script 'Packages/com.unity.visualscripting/Runtime/VisualScripting.Flow/Dependencies/NCalc/EvaluationOption.cs' will not be compiled because it exists outside the Assets folder and does not to belong to any assembly definition file.
Script 'Packages/com.unity.visualscripting/Runtime/VisualScripting.Core/Collections/GuidCollection.cs' will not be compiled because it exists outside the Assets folder and does not to belong to any assembly definition file.
Script 'Packages/com.unity.visualscripting/Runtime/VisualScripting.Flow/Framework/Math/Generic/GenericSum.cs' will not be compiled because it exists outside the Assets folder and does not to belong to any assembly definition file.
Script 'Packages/com.unity.visualscripting/Runtime/VisualScripting.Flow/Dependencies/NCalc/EvaluationVisitor.cs' will not be compiled because it exists outside the Assets folder and does not to belong to any assembly definition file.
Script 'Packages/com.unity.visualscripting/Runtime/VisualScripting.Flow/Framework/Codebase/Expose.cs' will not be compiled because it exists outside the Assets folder and does not to belong to any assembly definition file.
Script 'Packages/com.unity.visualscripting/Runtime/VisualScripting.Core/Variables/ObjectVariables.cs' will not be compiled because it exists outside the Assets folder and does not to belong to any assembly definition file.
Script 'Packages/com.unity.visualscripting/Runtime/VisualScripting.Flow/Ports/IUnitOutputPortDefinition.cs' will not be compiled because it exists outside the Assets folder and does not to belong to any assembly definition file.
Script 'Packages/com.unity.visualscripting/Runtime/VisualScripting.Core/Reflection/TypeUtility.cs' will not be compiled because it exists outside the Assets folder and does not to belong to any assembly definition file.
Script 'Packages/com.unity.visualscripting/Runtime/VisualScripting.State/IStateTransition.cs' will not be compiled because it exists outside the Assets folder and does not to belong to any assembly definition file.
Script 'Packages/com.unity.visualscripting/Runtime/VisualScripting.Flow/Framework/This.cs' will not be compiled because it exists outside the Assets folder and does not to belong to any assembly definition file.
Script 'Packages/com.unity.visualscripting/Runtime/VisualScripting.Core/Events/EventBus.cs' will not be compiled because it exists outside the Assets folder and does not to belong to any assembly definition file.
Script 'Packages/com.unity.visualscripting/Runtime/VisualScripting.Core/Listeners/MonoBehaviour/UnityOnJointBreak2DMessageListener.cs' will not be compiled because it exists outside the Assets folder and does not to belong to any assembly definition file.
Script 'Packages/com.unity.visualscripting/Runtime/VisualScripting.Flow/Framework/Events/Physics/OnJointBreak.cs' will not be compiled because it exists outside the Assets folder and does not to belong to any assembly definition file.
Script 'Packages/com.unity.visualscripting/Runtime/VisualScripting.Core/Properties/AssemblyInfo.cs' will not be compiled because it exists outside the Assets folder and does not to belong to any assembly definition file.
Script 'Packages/com.unity.visualscripting/Runtime/VisualScripting.Core/Reflection/Operators/LeftShiftHandler.cs' will not be compiled because it exists outside the Assets folder and does not to belong to any assembly definition file.
Script 'Packages/com.unity.visualscripting/Runtime/VisualScripting.Core/EditorBinding/Inspector/InspectorLabelAttribute.cs' will not be compiled because it exists outside the Assets folder and does not to belong to any assembly definition file.
Script 'Packages/com.unity.visualscripting/Runtime/VisualScripting.Core/Reflection/Optimization/InstanceFunctionInvoker_2.cs' will not be compiled because it exists outside the Assets folder and does not to belong to any assembly definition file.
Script 'Packages/com.unity.visualscripting/Runtime/VisualScripting.Core/Profiling/ProfiledSegment.cs' will not be compiled because it exists outside the Assets folder and does not to belong to any assembly definition file.
Script 'Packages/com.unity.visualscripting/Runtime/VisualScripting.State/INesterStateTransition.cs' will not be compiled because it exists outside the Assets folder and does not to belong to any assembly definition file.
Script 'Packages/com.unity.visualscripting/Runtime/VisualScripting.Flow/Framework/Math/Vector3/Vector3Minimum.cs' will not be compiled because it exists outside the Assets folder and does not to belong to any assembly definition file.
Script 'Packages/com.unity.visualscripting/Runtime/VisualScripting.Core/Listeners/MonoBehaviour/UnityOnJointBreakMessageListener.cs' will not be compiled because it exists outside the Assets folder and does not to belong to any assembly definition file.
Script 'Packages/com.unity.visualscripting/Runtime/VisualScripting.Core/Dependencies/FullSerializer/Reflection/fsTypeCache.cs' will not be compiled because it exists outside the Assets folder and does not to belong to any assembly definition file.
Script 'Packages/com.unity.visualscripting/Runtime/VisualScripting.Core/Dependencies/FullSerializer/fsBaseConverter.cs' will not be compiled because it exists outside the Assets folder and does not to belong to any assembly definition file.
Script 'Packages/com.unity.visualscripting/Runtime/VisualScripting.Core/Dependencies/FullSerializer/Converters/Unity/Bounds_DirectConverter.cs' will not be compiled because it exists outside the Assets folder and does not to belong to any assembly definition file.
Script 'Packages/com.unity.visualscripting/Runtime/VisualScripting.Core/Reflection/Optimization/InstanceFunctionInvoker_3.cs' will not be compiled because it exists outside the Assets folder and does not to belong to any assembly definition file.
Script 'Packages/com.unity.visualscripting/Runtime/VisualScripting.Flow/Framework/Events/Physics/CollisionEventUnit.cs' will not be compiled because it exists outside the Assets folder and does not to belong to any assembly definition file.
Script 'Packages/com.unity.visualscripting/Runtime/VisualScripting.Flow/Framework/Math/Generic/GenericDivide.cs' will not be compiled because it exists outside the Assets folder and does not to belong to any assembly definition file.
Script 'Packages/com.unity.visualscripting/Runtime/VisualScripting.Flow/Framework/Variables/Obsolete/SetApplicationVariable.cs' will not be compiled because it exists outside the Assets folder and does not to belong to any assembly definition file.
Script 'Packages/com.unity.visualscripting/Runtime/VisualScripting.Core/Unity/LudiqScriptableObject.cs' will not be compiled because it exists outside the Assets folder and does not to belong to any assembly definition file.
Script 'Packages/com.unity.visualscripting/Runtime/VisualScripting.Core/Reflection/Operators/LessThanHandler.cs' will not be compiled because it exists outside the Assets folder and does not to belong to any assembly definition file.
Script 'Packages/com.unity.visualscripting/Runtime/VisualScripting.Core/Dependencies/FullSerializer/fsConfig.cs' will not be compiled because it exists outside the Assets folder and does not to belong to any assembly definition file.
Script 'Packages/com.unity.visualscripting/Runtime/VisualScripting.Flow/Framework/Control/Once.cs' will not be compiled because it exists outside the Assets folder and does not to belong to any assembly definition file.
Script 'Packages/com.unity.visualscripting/Runtime/VisualScripting.Core/Listeners/UIInterfaces/UnityOnDragMessageListener.cs' will not be compiled because it exists outside the Assets folder and does not to belong to any assembly definition file.
Script 'Packages/com.unity.visualscripting/Runtime/VisualScripting.State/Framework/Graph/HasStateGraph.cs' will not be compiled because it exists outside the Assets folder and does not to belong to any assembly definition file.
Script 'Packages/com.unity.visualscripting/Runtime/VisualScripting.Core/Collections/IKeyedCollection.cs' will not be compiled because it exists outside the Assets folder and does not to belong to any assembly definition file.
Script 'Packages/com.unity.visualscripting/Runtime/VisualScripting.Flow/Framework/Nulls/Null.cs' will not be compiled because it exists outside the Assets folder and does not to belong to any assembly definition file.
Script 'Packages/com.unity.visualscripting/Runtime/VisualScripting.Flow/Framework/Math/Vector2/DeprecatedVector2Add.cs' will not be compiled because it exists outside the Assets folder and does not to belong to any assembly definition file.
Script 'Packages/com.unity.visualscripting/Runtime/VisualScripting.Core/Dependencies/FullSerializer/fsAotCompilationManager.cs' will not be compiled because it exists outside the Assets folder and does not to belong to any assembly definition file.
Script 'Packages/com.unity.visualscripting/Runtime/VisualScripting.Flow/Framework/Variables/Obsolete/IsVariableDefinedUnit.cs' will not be compiled because it exists outside the Assets folder and does not to belong to any assembly definition file.
Script 'Packages/com.unity.visualscripting/Runtime/VisualScripting.Flow/Framework/Math/Vector3/Vector3Modulo.cs' will not be compiled because it exists outside the Assets folder and does not to belong to any assembly definition file.
Script 'Packages/com.unity.visualscripting/Runtime/VisualScripting.Core/Listeners/UIInterfaces/UnityOnDropMessageListener.cs' will not be compiled because it exists outside the Assets folder and does not to belong to any assembly definition file.
Script 'Packages/com.unity.visualscripting/Runtime/VisualScripting.Flow/Ports/IUnitValuePort.cs' will not be compiled because it exists outside the Assets folder and does not to belong to any assembly definition file.
Script 'Packages/com.unity.visualscripting/Runtime/VisualScripting.Core/Dependencies/FullSerializer/Reflection/fsReflectionUtility.cs' will not be compiled because it exists outside the Assets folder and does not to belong to any assembly definition file.
Script 'Packages/com.unity.visualscripting/Runtime/VisualScripting.Core/Events/EventHook.cs' will not be compiled because it exists outside the Assets folder and does not to belong to any assembly definition file.
Script 'Packages/com.unity.visualscripting/Runtime/VisualScripting.Core/Graphs/IGraphDebugData.cs' will not be compiled because it exists outside the Assets folder and does not to belong to any assembly definition file.
Script 'Packages/com.unity.visualscripting/Runtime/VisualScripting.Flow/Framework/Graph/HasGraph.cs' will not be compiled because it exists outside the Assets folder and does not to belong to any assembly definition file.
Script 'Packages/com.unity.visualscripting/Runtime/VisualScripting.Core/Variables/ApplicationVariables.cs' will not be compiled because it exists outside the Assets folder and does not to belong to any assembly definition file.
Script 'Packages/com.unity.visualscripting/Runtime/VisualScripting.Flow/Ports/InvalidInput.cs' will not be compiled because it exists outside the Assets folder and does not to belong to any assembly definition file.
Script 'Packages/com.unity.visualscripting/Runtime/VisualScripting.Flow/Ports/InvalidOutput.cs' will not be compiled because it exists outside the Assets folder and does not to belong to any assembly definition file.
Script 'Packages/com.unity.visualscripting/Runtime/VisualScripting.Flow/Framework/Codebase/GetMember.cs' will not be compiled because it exists outside the Assets folder and does not to belong to any assembly definition file.
Script 'Packages/com.unity.visualscripting/Runtime/VisualScripting.Flow/Framework/Math/Vector2/Vector2Angle.cs' will not be compiled because it exists outside the Assets folder and does not to belong to any assembly definition file.
Script 'Packages/com.unity.visualscripting/Runtime/VisualScripting.Flow/Dependencies/NCalc/IdentifierExpression.cs' will not be compiled because it exists outside the Assets folder and does not to belong to any assembly definition file.
Script 'Packages/com.unity.visualscripting/Runtime/VisualScripting.Core/Unity/IGizmoDrawer.cs' will not be compiled because it exists outside the Assets folder and does not to belong to any assembly definition file.
Script 'Packages/com.unity.visualscripting/Runtime/VisualScripting.Flow/Ports/IUnitValuePortDefinition.cs' will not be compiled because it exists outside the Assets folder and does not to belong to any assembly definition file.
Script 'Packages/com.unity.visualscripting/Runtime/VisualScripting.Core/Reflection/RenamedFromAttribute.cs' will not be compiled because it exists outside the Assets folder and does not to belong to any assembly definition file.
Script 'Packages/com.unity.visualscripting/Runtime/VisualScripting.Flow/Framework/Events/Application/OnApplicationResume.cs' will not be compiled because it exists outside the Assets folder and does not to belong to any assembly definition file.
Script 'Packages/com.unity.visualscripting/Runtime/VisualScripting.Core/EditorBinding/Inspector/InspectorAdaptiveWidthAttribute.cs' will not be compiled because it exists outside the Assets folder and does not to belong to any assembly definition file.
Script 'Packages/com.unity.visualscripting/Runtime/VisualScripting.Core/Graphs/IGraphElementDebugData.cs' will not be compiled because it exists outside the Assets folder and does not to belong to any assembly definition file.
Script 'Packages/com.unity.visualscripting/Runtime/VisualScripting.Core/Listeners/MonoBehaviour/UnityOnCollisionStay2DMessageListener.cs' will not be compiled because it exists outside the Assets folder and does not to belong to any assembly definition file.
Script 'Packages/com.unity.visualscripting/Runtime/VisualScripting.Core/Dependencies/FullSerializer/Reflection/fsMetaType.cs' will not be compiled because it exists outside the Assets folder and does not to belong to any assembly definition file.
Script 'Packages/com.unity.visualscripting/Runtime/VisualScripting.Flow/Framework/Events/GameObjectEventUnit.cs' will not be compiled because it exists outside the Assets folder and does not to belong to any assembly definition file.
Script 'Packages/com.unity.visualscripting/Runtime/VisualScripting.Core/Reflection/RenamedNamespaceAttribute.cs' will not be compiled because it exists outside the Assets folder and does not to belong to any assembly definition file.
Script 'Packages/com.unity.visualscripting/Runtime/VisualScripting.Core/Reflection/Optimization/InstanceFunctionInvoker_0.cs' will not be compiled because it exists outside the Assets folder and does not to belong to any assembly definition file.
Script 'Packages/com.unity.visualscripting/Runtime/VisualScripting.Core/Graphs/IGraphElementData.cs' will not be compiled because it exists outside the Assets folder and does not to belong to any assembly definition file.
Script 'Packages/com.unity.visualscripting/Runtime/VisualScripting.Flow/Framework/Events/Hierarchy/OnTransformParentChanged.cs' will not be compiled because it exists outside the Assets folder and does not to belong to any assembly definition file.
Script 'Packages/com.unity.visualscripting/Runtime/VisualScripting.State/NesterState.cs' will not be compiled because it exists outside the Assets folder and does not to belong to any assembly definition file.
Script 'Packages/com.unity.visualscripting/Runtime/VisualScripting.Core/Profiling/ProfiledSegmentCollection.cs' will not be compiled because it exists outside the Assets folder and does not to belong to any assembly definition file.
Script 'Packages/com.unity.visualscripting/Runtime/VisualScripting.Core/Graphs/IGraphData.cs' will not be compiled because it exists outside the Assets folder and does not to belong to any assembly definition file.
Script 'Packages/com.unity.visualscripting/Runtime/VisualScripting.Core/Utilities/XColor.cs' will not be compiled because it exists outside the Assets folder and does not to belong to any assembly definition file.
Script 'Packages/com.unity.visualscripting/Runtime/VisualScripting.Flow/Framework/Events/CustomEventArgs.cs' will not be compiled because it exists outside the Assets folder and does not to belong to any assembly definition file.
Script 'Packages/com.unity.visualscripting/Runtime/VisualScripting.Flow/Framework/Events/Physics/OnCollisionEnter.cs' will not be compiled because it exists outside the Assets folder and does not to belong to any assembly definition file.
Script 'Packages/com.unity.visualscripting/Runtime/VisualScripting.Core/Reflection/RuntimeCodebase.cs' will not be compiled because it exists outside the Assets folder and does not to belong to any assembly definition file.
Script 'Packages/com.unity.visualscripting/Runtime/VisualScripting.Core/Profiling/ProfilingUtility.cs' will not be compiled because it exists outside the Assets folder and does not to belong to any assembly definition file.
Script 'Packages/com.unity.visualscripting/Runtime/VisualScripting.Core/Dependencies/FullSerializer/Converters/Unity/GUIStyle_DirectConverter.cs' will not be compiled because it exists outside the Assets folder and does not to belong to any assembly definition file.
Script 'Packages/com.unity.visualscripting/Runtime/VisualScripting.Core/Collections/DebugDictionary.cs' will not be compiled because it exists outside the Assets folder and does not to belong to any assembly definition file.
Script 'Packages/com.unity.visualscripting/Runtime/VisualScripting.Flow/Framework/Math/Sum.cs' will not be compiled because it exists outside the Assets folder and does not to belong to any assembly definition file.
Script 'Packages/com.unity.visualscripting/Runtime/VisualScripting.Flow/Dependencies/NCalc/FunctionExpression.cs' will not be compiled because it exists outside the Assets folder and does not to belong to any assembly definition file.
Script 'Packages/com.unity.visualscripting/Runtime/VisualScripting.Core/Unity/MacroScriptableObject.cs' will not be compiled because it exists outside the Assets folder and does not to belong to any assembly definition file.
Script 'Packages/com.unity.visualscripting/Runtime/VisualScripting.Flow/Framework/Control/ForEach.cs' will not be compiled because it exists outside the Assets folder and does not to belong to any assembly definition file.
Script 'Packages/com.unity.visualscripting/Runtime/VisualScripting.Core/Reflection/Operators/LessThanOrEqualHandler.cs' will not be compiled because it exists outside the Assets folder and does not to belong to any assembly definition file.
Script 'Packages/com.unity.visualscripting/Runtime/VisualScripting.Core/Listeners/MonoBehaviour/UnityOnCollisionStayMessageListener.cs' will not be compiled because it exists outside the Assets folder and does not to belong to any assembly definition file.
Script 'Packages/com.unity.visualscripting/Runtime/VisualScripting.Core/Reflection/Operators/MultiplicationHandler.cs' will not be compiled because it exists outside the Assets folder and does not to belong to any assembly definition file.
Script 'Packages/com.unity.visualscripting/Runtime/VisualScripting.Flow/Framework/Math/Vector2/Vector2Absolute.cs' will not be compiled because it exists outside the Assets folder and does not to belong to any assembly definition file.
Script 'Packages/com.unity.visualscripting/Runtime/VisualScripting.Flow/Framework/Math/Vector3/Vector3MoveTowards.cs' will not be compiled because it exists outside the Assets folder and does not to belong to any assembly definition file.
Script 'Packages/com.unity.visualscripting/Runtime/VisualScripting.Flow/Ports/IUnitPort.cs' will not be compiled because it exists outside the Assets folder and does not to belong to any assembly definition file.
Script 'Packages/com.unity.visualscripting/Runtime/VisualScripting.Flow/Framework/Events/Physics/OnCollisionExit.cs' will not be compiled because it exists outside the Assets folder and does not to belong to any assembly definition file.
Script 'Packages/com.unity.visualscripting/Runtime/VisualScripting.Flow/Framework/Math/Vector3/Vector3Multiply.cs' will not be compiled because it exists outside the Assets folder and does not to belong to any assembly definition file.
Script 'Packages/com.unity.visualscripting/Runtime/VisualScripting.Core/Unity/IUnityObjectOwnable.cs' will not be compiled because it exists outside the Assets folder and does not to belong to any assembly definition file.
Script 'Packages/com.unity.visualscripting/Runtime/VisualScripting.Flow/Framework/Codebase/InvokeMember.cs' will not be compiled because it exists outside the Assets folder and does not to belong to any assembly definition file.
Script 'Packages/com.unity.visualscripting/Runtime/VisualScripting.Flow/Framework/Variables/Obsolete/SetObjectVariable.cs' will not be compiled because it exists outside the Assets folder and does not to belong to any assembly definition file.
Script 'Packages/com.unity.visualscripting/Runtime/VisualScripting.Flow/Framework/Events/GlobalEventUnit.cs' will not be compiled because it exists outside the Assets folder and does not to belong to any assembly definition file.
Script 'Packages/com.unity.visualscripting/Runtime/VisualScripting.Core/Collections/FlexibleDictionary.cs' will not be compiled because it exists outside the Assets folder and does not to belong to any assembly definition file.
Script 'Packages/com.unity.visualscripting/Runtime/VisualScripting.Core/Variables/InspectorVariableNameAttribute.cs' will not be compiled because it exists outside the Assets folder and does not to belong to any assembly definition file.
Script 'Packages/com.unity.visualscripting/Runtime/VisualScripting.Flow/Framework/Math/Lerp.cs' will not be compiled because it exists outside the Assets folder and does not to belong to any assembly definition file.
Script 'Packages/com.unity.visualscripting/Runtime/VisualScripting.Core/EditorBinding/Inspector/InspectorDelayedAttribute.cs' will not be compiled because it exists outside the Assets folder and does not to belong to any assembly definition file.
Script 'Packages/com.unity.visualscripting/Runtime/VisualScripting.Core/Graphs/IGraph.cs' will not be compiled because it exists outside the Assets folder and does not to belong to any assembly definition file.
Script 'Packages/com.unity.visualscripting/Runtime/VisualScripting.Core/Dependencies/FullSerializer/Converters/Unity/InputAction_DirectConverter.cs' will not be compiled because it exists outside the Assets folder and does not to belong to any assembly definition file.
Script 'Packages/com.unity.visualscripting/Runtime/VisualScripting.Core/Events/EmptyEventArgs.cs' will not be compiled because it exists outside the Assets folder and does not to belong to any assembly definition file.
Script 'Packages/com.unity.visualscripting/Runtime/VisualScripting.Core/Reflection/Optimization/InstanceFunctionInvoker_5.cs' will not be compiled because it exists outside the Assets folder and does not to belong to any assembly definition file.
Script 'Packages/com.unity.visualscripting/Runtime/VisualScripting.Flow/Ports/IUnitPortCollection.cs' will not be compiled because it exists outside the Assets folder and does not to belong to any assembly definition file.
Script 'Packages/com.unity.visualscripting/Runtime/VisualScripting.Core/Ensure/Extensions/XString.cs' will not be compiled because it exists outside the Assets folder and does not to belong to any assembly definition file.
Script 'Packages/com.unity.visualscripting/Runtime/VisualScripting.Core/Ensure/ExceptionMessages.cs' will not be compiled because it exists outside the Assets folder and does not to belong to any assembly definition file.
Script 'Packages/com.unity.visualscripting/Runtime/VisualScripting.Flow/Framework/Nulls/NullCheck.cs' will not be compiled because it exists outside the Assets folder and does not to belong to any assembly definition file.
Script 'Packages/com.unity.visualscripting/Runtime/VisualScripting.Flow/Framework/Graph/SetGraph.cs' will not be compiled because it exists outside the Assets folder and does not to belong to any assembly definition file.
Script 'Packages/com.unity.visualscripting/Runtime/VisualScripting.Flow/Framework/Events/Physics/OnControllerColliderHit.cs' will not be compiled because it exists outside the Assets folder and does not to belong to any assembly definition file.
Script 'Packages/com.unity.visualscripting/Runtime/VisualScripting.Flow/Framework/Math/Generic/GenericMultiply.cs' will not be compiled because it exists outside the Assets folder and does not to belong to any assembly definition file.
Script 'Packages/com.unity.visualscripting/Runtime/VisualScripting.Flow/Framework/Time/Cooldown.cs' will not be compiled because it exists outside the Assets folder and does not to belong to any assembly definition file.
Script 'Packages/com.unity.visualscripting/Runtime/VisualScripting.Core/Reflection/Optimization/InstanceFunctionInvoker_4.cs' will not be compiled because it exists outside the Assets folder and does not to belong to any assembly definition file.
Script 'Packages/com.unity.visualscripting/Runtime/VisualScripting.Core/Dependencies/FullSerializer/Converters/Unity/AnimationCurve_DirectConverter.cs' will not be compiled because it exists outside the Assets folder and does not to belong to any assembly definition file.
Script 'Packages/com.unity.visualscripting/Runtime/VisualScripting.Core/Reflection/ActionDirection.cs' will not be compiled because it exists outside the Assets folder and does not to belong to any assembly definition file.
Script 'Packages/com.unity.visualscripting/Runtime/VisualScripting.Flow/Framework/Codebase/SetMember.cs' will not be compiled because it exists outside the Assets folder and does not to belong to any assembly definition file.
Script 'Packages/com.unity.visualscripting/Runtime/VisualScripting.Core/Unity/ISingleton.cs' will not be compiled because it exists outside the Assets folder and does not to belong to any assembly definition file.
Script 'Packages/com.unity.visualscripting/Runtime/VisualScripting.Flow/Framework/Logic/And.cs' will not be compiled because it exists outside the Assets folder and does not to belong to any assembly definition file.
Script 'Packages/com.unity.visualscripting/Runtime/VisualScripting.Flow/Framework/Control/ISelectUnit.cs' will not be compiled because it exists outside the Assets folder and does not to belong to any assembly definition file.
Script 'Packages/com.unity.visualscripting/Runtime/VisualScripting.Flow/Framework/Control/LoopUnit.cs' will not be compiled because it exists outside the Assets folder and does not to belong to any assembly definition file.
Script 'Packages/com.unity.visualscripting/Runtime/VisualScripting.Flow/Framework/Events/BoltUnityEvent.cs' will not be compiled because it exists outside the Assets folder and does not to belong to any assembly definition file.
Script 'Packages/com.unity.visualscripting/Runtime/VisualScripting.Core/Unity/LudiqBehaviour.cs' will not be compiled because it exists outside the Assets folder and does not to belong to any assembly definition file.
Script 'Packages/com.unity.visualscripting/Runtime/VisualScripting.Core/Listeners/MonoBehaviour/UnityOnControllerColliderHitMessageListener.cs' will not be compiled because it exists outside the Assets folder and does not to belong to any assembly definition file.
Script 'Packages/com.unity.visualscripting/Runtime/VisualScripting.Flow/Framework/Variables/Obsolete/SetGraphVariable.cs' will not be compiled because it exists outside the Assets folder and does not to belong to any assembly definition file.
Script 'Packages/com.unity.visualscripting/Runtime/VisualScripting.Flow/Framework/Events/Navigation/OnDestinationReached.cs' will not be compiled because it exists outside the Assets folder and does not to belong to any assembly definition file.
Script 'Packages/com.unity.visualscripting/Runtime/VisualScripting.Flow/Framework/Events/GUI/PointerEventUnit.cs' will not be compiled because it exists outside the Assets folder and does not to belong to any assembly definition file.
Script 'Packages/com.unity.visualscripting/Runtime/VisualScripting.Flow/Framework/Events/Application/OnApplicationQuit.cs' will not be compiled because it exists outside the Assets folder and does not to belong to any assembly definition file.
Script 'Packages/com.unity.visualscripting/Runtime/VisualScripting.State/INesterState.cs' will not be compiled because it exists outside the Assets folder and does not to belong to any assembly definition file.
Script 'Packages/com.unity.visualscripting/Runtime/VisualScripting.Core/Variables/IGraphWithVariables.cs' will not be compiled because it exists outside the Assets folder and does not to belong to any assembly definition file.
Script 'Packages/com.unity.visualscripting/Runtime/VisualScripting.Flow/Framework/Codebase/CreateStruct.cs' will not be compiled because it exists outside the Assets folder and does not to belong to any assembly definition file.
Script 'Packages/com.unity.visualscripting/Runtime/VisualScripting.State/IState.cs' will not be compiled because it exists outside the Assets folder and does not to belong to any assembly definition file.
Script 'Packages/com.unity.visualscripting/Runtime/VisualScripting.Core/EditorBinding/Inspector/InspectorExpandTooltipAttribute.cs' will not be compiled because it exists outside the Assets folder and does not to belong to any assembly definition file.
Script 'Packages/com.unity.visualscripting/Runtime/VisualScripting.Flow/Framework/Math/Subtract.cs' will not be compiled because it exists outside the Assets folder and does not to belong to any assembly definition file.
Script 'Packages/com.unity.visualscripting/Runtime/VisualScripting.Flow/Framework/Nulls/NullCoalesce.cs' will not be compiled because it exists outside the Assets folder and does not to belong to any assembly definition file.
Script 'Packages/com.unity.visualscripting/Runtime/VisualScripting.Core/Reflection/Operators/ModuloHandler.cs' will not be compiled because it exists outside the Assets folder and does not to belong to any assembly definition file.
Script 'Packages/com.unity.visualscripting/Runtime/VisualScripting.Core/Dependencies/FullSerializer/Converters/Unity/Gradient_DirectConverter.cs' will not be compiled because it exists outside the Assets folder and does not to belong to any assembly definition file.
Script 'Packages/com.unity.visualscripting/Runtime/VisualScripting.Flow/Framework/Math/Generic/DeprecatedGenericAdd.cs' will not be compiled because it exists outside the Assets folder and does not to belong to any assembly definition file.
Script 'Packages/com.unity.visualscripting/Runtime/VisualScripting.Core/Reflection/TypeQualifier.cs' will not be compiled because it exists outside the Assets folder and does not to belong to any assembly definition file.
Script 'Packages/com.unity.visualscripting/Runtime/VisualScripting.Core/Dependencies/FullSerializer/Reflection/fsMetaProperty.cs' will not be compiled because it exists outside the Assets folder and does not to belong to any assembly definition file.
Script 'Packages/com.unity.visualscripting/Runtime/VisualScripting.Core/Reflection/TypeName.cs' will not be compiled because it exists outside the Assets folder and does not to belong to any assembly definition file.
Script 'Packages/com.unity.visualscripting/Runtime/VisualScripting.Core/Variables/IGraphDataWithVariables.cs' will not be compiled because it exists outside the Assets folder and does not to belong to any assembly definition file.
Script 'Packages/com.unity.visualscripting/Runtime/VisualScripting.Flow/Framework/Math/Maximum.cs' will not be compiled because it exists outside the Assets folder and does not to belong to any assembly definition file.
Script 'Packages/com.unity.visualscripting/Runtime/VisualScripting.Core/EditorBinding/Inspector/InspectViaImplementationsAttribute.cs' will not be compiled because it exists outside the Assets folder and does not to belong to any assembly definition file.
Script 'Packages/com.unity.visualscripting/Runtime/VisualScripting.Flow/FlowGraphData.cs' will not be compiled because it exists outside the Assets folder and does not to belong to any assembly definition file.
Script 'Packages/com.unity.visualscripting/Runtime/VisualScripting.Flow/Dependencies/NCalc/Expression.cs' will not be compiled because it exists outside the Assets folder and does not to belong to any assembly definition file.
Script 'Packages/com.unity.visualscripting/Runtime/VisualScripting.Flow/Framework/Codebase/MemberUnit.cs' will not be compiled because it exists outside the Assets folder and does not to belong to any assembly definition file.
Script 'Packages/com.unity.visualscripting/Runtime/VisualScripting.Core/Listeners/UIInterfaces/UnityOnDeselectMessageListener.cs' will not be compiled because it exists outside the Assets folder and does not to belong to any assembly definition file.
Package Manager log level set to [2]
[Package Manager] Failed to launch server process. Reason: Unity was launched with the -noUpm command-line argument
[Package Manager] Unable to send message (not connected to server process).
[Package Manager] Cannot connect to Unity Package Manager local server
Mono: successfully reloaded assembly
- Finished resetting the current domain, in  1.181 seconds
Domain Reload Profiling: 2380ms
	BeginReloadAssembly (268ms)
		ExecutionOrderSort (0ms)
		DisableScriptedObjects (10ms)
		BackupInstance (0ms)
		ReleaseScriptingObjects (0ms)
		CreateAndSetChildDomain (40ms)
	RebuildCommonClasses (59ms)
	RebuildNativeTypeToScriptingClass (22ms)
	initialDomainReloadingComplete (52ms)
	LoadAllAssembliesAndSetupDomain (797ms)
		LoadAssemblies (620ms)
		RebuildTransferFunctionScriptingTraits (0ms)
		AnalyzeDomain (328ms)
			TypeCache.Refresh (245ms)
				TypeCache.ScanAssembly (222ms)
			BuildScriptInfoCaches (67ms)
			ResolveRequiredComponents (12ms)
	FinalizeReload (1182ms)
		ReleaseScriptCaches (0ms)
		RebuildScriptCaches (0ms)
		SetupLoadedEditorAssemblies (942ms)
			LogAssemblyErrors (0ms)
			InitializePlatformSupportModulesInManaged (18ms)
			SetLoadedEditorAssemblies (7ms)
			BeforeProcessingInitializeOnLoad (196ms)
			ProcessInitializeOnLoadAttributes (508ms)
			ProcessInitializeOnLoadMethodAttributes (204ms)
			AfterProcessingInitializeOnLoad (7ms)
			EditorAssembliesLoaded (0ms)
		ExecutionOrderSort2 (0ms)
		AwakeInstancesAfterBackupRestoration (7ms)
Launched and connected shader compiler UnityShaderCompiler.exe after 0.01 seconds
Refreshing native plugins compatible for Editor in 1.84 ms, found 3 plugins.
Preloading 0 native plugins for Editor in 0.00 ms.
Unloading 13 Unused Serialized files (Serialized files now loaded: 0)
Unloading 5481 unused Assets / (4.1 MB). Loaded Objects now: 6194.
Memory consumption went from 129.6 MB to 125.5 MB.
Total: 13.869100 ms (FindLiveObjects: 1.180300 ms CreateObjectMapping: 2.100700 ms MarkObjects: 7.056500 ms  DeleteObjects: 3.530400 ms)

========================================================================
Received Import Request.
  Time since last request: 1307333.726538 seconds.
  path: Assets/imagenes/fondo@3x.png
  artifactKey: Guid(87cb9c8f7e48dbe488212b39dd6790a7) Importer(815301076,1909f56bfc062723c751e8b465ee728b)
Start importing Assets/imagenes/fondo@3x.png using Guid(87cb9c8f7e48dbe488212b39dd6790a7) Importer(815301076,1909f56bfc062723c751e8b465ee728b) (PreviewImporter) -> (artifact id: '94e4ba2ac85193c35fe6bf23282058d6') in 0.2184656 seconds
Number of updated asset objects reloaded before import = 0Number of asset objects unloaded after import = 3

========================================================================
Received Import Request.
  Time since last request: 920.385528 seconds.
  path: Assets/imagenes/fondo@3x.png
  artifactKey: Guid(87cb9c8f7e48dbe488212b39dd6790a7) Importer(815301076,1909f56bfc062723c751e8b465ee728b)
Start importing Assets/imagenes/fondo@3x.png using Guid(87cb9c8f7e48dbe488212b39dd6790a7) Importer(815301076,1909f56bfc062723c751e8b465ee728b) (PreviewImporter) -> (artifact id: '06814e5c50f676334d598f61b0b38cda') in 0.0552552 seconds
Number of updated asset objects reloaded before import = 0Number of asset objects unloaded after import = 2

========================================================================
Received Import Request.
  Time since last request: 11.163922 seconds.
  path: Assets/imagenes/animacion_oso.anim
  artifactKey: Guid(f8cc165ede5f42447a3d963a4648f07b) Importer(815301076,1909f56bfc062723c751e8b465ee728b)
Start importing Assets/imagenes/animacion_oso.anim using Guid(f8cc165ede5f42447a3d963a4648f07b) Importer(815301076,1909f56bfc062723c751e8b465ee728b) (PreviewImporter) -> (artifact id: '60ca0459dff3ee1972150c6523b69b32') in 0.0026844 seconds
Number of updated asset objects reloaded before import = 0Number of asset objects unloaded after import = 1

========================================================================
Received Import Request.
  Time since last request: 1.214267 seconds.
  path: Assets/imagenes/GameObject.controller
  artifactKey: Guid(354d5a27cc8e97e419683781cfa18f83) Importer(815301076,1909f56bfc062723c751e8b465ee728b)
Start importing Assets/imagenes/GameObject.controller using Guid(354d5a27cc8e97e419683781cfa18f83) Importer(815301076,1909f56bfc062723c751e8b465ee728b) (PreviewImporter) -> (artifact id: '2831a93c27335c7dae44d3241f8d12da') in 0.0326047 seconds
Number of updated asset objects reloaded before import = 0Number of asset objects unloaded after import = 1

========================================================================
Received Import Request.
  Time since last request: 46.883120 seconds.
  path: Assets/imagenes/Sin título-1.png
  artifactKey: Guid(911be7c9d1fb29a41b2d4be6828b0908) Importer(815301076,1909f56bfc062723c751e8b465ee728b)
Start importing Assets/imagenes/Sin título-1.png using Guid(911be7c9d1fb29a41b2d4be6828b0908) Importer(815301076,1909f56bfc062723c751e8b465ee728b) (PreviewImporter) -> (artifact id: 'b2ec12cb834254e7e677c37d3f3ea24a') in 0.0854578 seconds
Number of updated asset objects reloaded before import = 0Number of asset objects unloaded after import = 3

========================================================================
Received Import Request.
  Time since last request: 28.786400 seconds.
  path: Assets/Scenes/escenallorente.unity
  artifactKey: Guid(9231183a2e7b8a34c8f2e81622659b80) Importer(815301076,1909f56bfc062723c751e8b465ee728b)
Start importing Assets/Scenes/escenallorente.unity using Guid(9231183a2e7b8a34c8f2e81622659b80) Importer(815301076,1909f56bfc062723c751e8b465ee728b) (PreviewImporter) -> (artifact id: 'c03c4668992d1d84479a13d65e36ece2') in 0.0009454 seconds
Number of updated asset objects reloaded before import = 0Number of asset objects unloaded after import = 0

========================================================================
Received Import Request.
  Time since last request: 791.028420 seconds.
  path: Assets/sprites/oso_1.png
  artifactKey: Guid(6906c6d51b4d29e489ddfb55e30926aa) Importer(815301076,1909f56bfc062723c751e8b465ee728b)
Start importing Assets/sprites/oso_1.png using Guid(6906c6d51b4d29e489ddfb55e30926aa) Importer(815301076,1909f56bfc062723c751e8b465ee728b) (PreviewImporter) -> (artifact id: '833b78beb1ebd5f81d4c81ca5e47f996') in 0.0917031 seconds
Number of updated asset objects reloaded before import = 0Number of asset objects unloaded after import = 3

========================================================================
Received Import Request.
  Time since last request: 0.000022 seconds.
  path: Assets/sprites/oso_6.png
  artifactKey: Guid(34902350be7bd0d4e950ed6554caccfd) Importer(815301076,1909f56bfc062723c751e8b465ee728b)
Start importing Assets/sprites/oso_6.png using Guid(34902350be7bd0d4e950ed6554caccfd) Importer(815301076,1909f56bfc062723c751e8b465ee728b) (PreviewImporter) -> (artifact id: '06f611b5dd207b69b0a1b4c5aaaeb4fb') in 0.0281692 seconds
Number of updated asset objects reloaded before import = 0Number of asset objects unloaded after import = 3

========================================================================
Received Import Request.
  Time since last request: 0.000041 seconds.
  path: Assets/sprites/oso_2.png
  artifactKey: Guid(7d2fd416bc6f12a43883b1315115ba25) Importer(815301076,1909f56bfc062723c751e8b465ee728b)
Start importing Assets/sprites/oso_2.png using Guid(7d2fd416bc6f12a43883b1315115ba25) Importer(815301076,1909f56bfc062723c751e8b465ee728b) (PreviewImporter) -> (artifact id: 'ca36970c9e72959fed6e8babc673c846') in 0.0305768 seconds
Number of updated asset objects reloaded before import = 0Number of asset objects unloaded after import = 3

========================================================================
Received Import Request.
  Time since last request: 0.000015 seconds.
  path: Assets/sprites/oso_10.png
  artifactKey: Guid(faf25852f58890243a7e2204a7397a72) Importer(815301076,1909f56bfc062723c751e8b465ee728b)
Start importing Assets/sprites/oso_10.png using Guid(faf25852f58890243a7e2204a7397a72) Importer(815301076,1909f56bfc062723c751e8b465ee728b) (PreviewImporter) -> (artifact id: 'a6bc62056f22532f35af86c44ab3dc38') in 0.0354496 seconds
Number of updated asset objects reloaded before import = 0Number of asset objects unloaded after import = 4

========================================================================
Received Import Request.
  Time since last request: 0.000017 seconds.
  path: Assets/sprites/oso_4.png
  artifactKey: Guid(573602e6f89604c43a933c6b4dfbb13c) Importer(815301076,1909f56bfc062723c751e8b465ee728b)
Start importing Assets/sprites/oso_4.png using Guid(573602e6f89604c43a933c6b4dfbb13c) Importer(815301076,1909f56bfc062723c751e8b465ee728b) (PreviewImporter) -> (artifact id: 'ed99141d7e089a1daf81ea344ec2c058') in 0.0372375 seconds
Number of updated asset objects reloaded before import = 0Number of asset objects unloaded after import = 5

========================================================================
Received Import Request.
  Time since last request: 0.000027 seconds.
  path: Assets/sprites/oso_7.png
  artifactKey: Guid(e74a77c1a1a4e834fbc3c4a603f553e1) Importer(815301076,1909f56bfc062723c751e8b465ee728b)
Start importing Assets/sprites/oso_7.png using Guid(e74a77c1a1a4e834fbc3c4a603f553e1) Importer(815301076,1909f56bfc062723c751e8b465ee728b) (PreviewImporter) -> (artifact id: '08c7af7682d50c8d604100591f2787e9') in 0.0209248 seconds
Number of updated asset objects reloaded before import = 0Number of asset objects unloaded after import = 3

========================================================================
Received Import Request.
  Time since last request: 0.000016 seconds.
  path: Assets/sprites/oso_9.png
  artifactKey: Guid(4dd1ff81a9217804b9e0493f62702337) Importer(815301076,1909f56bfc062723c751e8b465ee728b)
Start importing Assets/sprites/oso_9.png using Guid(4dd1ff81a9217804b9e0493f62702337) Importer(815301076,1909f56bfc062723c751e8b465ee728b) (PreviewImporter) -> (artifact id: '171c6ad88ac2622897d086131deac617') in 0.0331145 seconds
Number of updated asset objects reloaded before import = 0Number of asset objects unloaded after import = 5

========================================================================
Received Import Request.
  Time since last request: 0.000018 seconds.
  path: Assets/sprites/oso_8.png
  artifactKey: Guid(e7603b27af7f8e245be1a13580d6b7fd) Importer(815301076,1909f56bfc062723c751e8b465ee728b)
Start importing Assets/sprites/oso_8.png using Guid(e7603b27af7f8e245be1a13580d6b7fd) Importer(815301076,1909f56bfc062723c751e8b465ee728b) (PreviewImporter) -> (artifact id: '8d3005c2e5dcd4c46c49e973885e0dcb') in 0.0291319 seconds
Number of updated asset objects reloaded before import = 0Number of asset objects unloaded after import = 5

========================================================================
Received Import Request.
  Time since last request: 0.000017 seconds.
  path: Assets/sprites/oso_3.png
  artifactKey: Guid(4c9050add7751574e8409ba1cff4722c) Importer(815301076,1909f56bfc062723c751e8b465ee728b)
Start importing Assets/sprites/oso_3.png using Guid(4c9050add7751574e8409ba1cff4722c) Importer(815301076,1909f56bfc062723c751e8b465ee728b) (PreviewImporter) -> (artifact id: '03e8366b2eea09cd2d4e20f4aa279b27') in 0.0243927 seconds
Number of updated asset objects reloaded before import = 0Number of asset objects unloaded after import = 5

========================================================================
Received Import Request.
  Time since last request: 0.000033 seconds.
  path: Assets/sprites/oso_5.png
  artifactKey: Guid(c4d91f49db8ff654c831ade1f703063e) Importer(815301076,1909f56bfc062723c751e8b465ee728b)
Start importing Assets/sprites/oso_5.png using Guid(c4d91f49db8ff654c831ade1f703063e) Importer(815301076,1909f56bfc062723c751e8b465ee728b) (PreviewImporter) -> (artifact id: '0ccabefcf2acc64b5a0e9aa7f6fb43da') in 0.0224889 seconds
Number of updated asset objects reloaded before import = 0Number of asset objects unloaded after import = 4

========================================================================
Received Import Request.
  Time since last request: 1.651801 seconds.
  path: Assets/sprites/oso_11.png
  artifactKey: Guid(4f35d1dcdcdc141409b2afd2ebe0d4fd) Importer(815301076,1909f56bfc062723c751e8b465ee728b)
Start importing Assets/sprites/oso_11.png using Guid(4f35d1dcdcdc141409b2afd2ebe0d4fd) Importer(815301076,1909f56bfc062723c751e8b465ee728b) (PreviewImporter) -> (artifact id: 'd5483a3a7f0dd754854c0cc5dec46055') in 0.0202692 seconds
Number of updated asset objects reloaded before import = 0Number of asset objects unloaded after import = 3

========================================================================
Received Import Request.
  Time since last request: 0.000016 seconds.
  path: Assets/sprites/oso_12.png
  artifactKey: Guid(6f96969ef8bf62243a818d1c469ef56f) Importer(815301076,1909f56bfc062723c751e8b465ee728b)
Start importing Assets/sprites/oso_12.png using Guid(6f96969ef8bf62243a818d1c469ef56f) Importer(815301076,1909f56bfc062723c751e8b465ee728b) (PreviewImporter) -> (artifact id: '4560ad2b662277cb5e72682f9321cd50') in 0.0223361 seconds
Number of updated asset objects reloaded before import = 0Number of asset objects unloaded after import = 3

========================================================================
Received Import Request.
  Time since last request: 0.000028 seconds.
  path: Assets/sprites/oso_13.png
  artifactKey: Guid(bb54c43d93a2bcb49b374c588846c801) Importer(815301076,1909f56bfc062723c751e8b465ee728b)
Start importing Assets/sprites/oso_13.png using Guid(bb54c43d93a2bcb49b374c588846c801) Importer(815301076,1909f56bfc062723c751e8b465ee728b) (PreviewImporter) -> (artifact id: 'eb65f66c297adbf1a24d1c1781071cb2') in 0.0599482 seconds
Number of updated asset objects reloaded before import = 0Number of asset objects unloaded after import = 5

========================================================================
Received Import Request.
  Time since last request: 0.032968 seconds.
  path: Assets/sprites/oso_14.png
  artifactKey: Guid(603068ee04eb21e46957421aef3f523d) Importer(815301076,1909f56bfc062723c751e8b465ee728b)
Start importing Assets/sprites/oso_14.png using Guid(603068ee04eb21e46957421aef3f523d) Importer(815301076,1909f56bfc062723c751e8b465ee728b) (PreviewImporter) -> (artifact id: 'df803a2eed7bdae659ff5a109bb1af07') in 0.104385 seconds
Number of updated asset objects reloaded before import = 0Number of asset objects unloaded after import = 5

========================================================================
Received Import Request.
  Time since last request: 0.000031 seconds.
  path: Assets/sprites/oso_15.png
  artifactKey: Guid(6d144943705ae77479712211a3c6c46e) Importer(815301076,1909f56bfc062723c751e8b465ee728b)
Start importing Assets/sprites/oso_15.png using Guid(6d144943705ae77479712211a3c6c46e) Importer(815301076,1909f56bfc062723c751e8b465ee728b) (PreviewImporter) -> (artifact id: '5088baf5c452e9c73fecf3e48c30ec9a') in 0.0661271 seconds
Number of updated asset objects reloaded before import = 0Number of asset objects unloaded after import = 4

========================================================================
Received Import Request.
  Time since last request: 0.000042 seconds.
  path: Assets/sprites/oso_16.png
  artifactKey: Guid(26e119bee4429954aa7b3a8f55419d42) Importer(815301076,1909f56bfc062723c751e8b465ee728b)
Start importing Assets/sprites/oso_16.png using Guid(26e119bee4429954aa7b3a8f55419d42) Importer(815301076,1909f56bfc062723c751e8b465ee728b) (PreviewImporter) -> (artifact id: '97972a2f1c19c9dff0ca53d9493417b0') in 0.0229639 seconds
Number of updated asset objects reloaded before import = 0Number of asset objects unloaded after import = 3

========================================================================
Received Import Request.
  Time since last request: 148.399129 seconds.
  path: Assets/sprites/oso_1_0.controller
  artifactKey: Guid(8d06a6a20a3a9504480af5de7c7d77e9) Importer(815301076,1909f56bfc062723c751e8b465ee728b)
Start importing Assets/sprites/oso_1_0.controller using Guid(8d06a6a20a3a9504480af5de7c7d77e9) Importer(815301076,1909f56bfc062723c751e8b465ee728b) (PreviewImporter) -> (artifact id: '1202b90dff6f49e9e9959ad26f101435') in 0.0118909 seconds
Number of updated asset objects reloaded before import = 0Number of asset objects unloaded after import = 4

========================================================================
Received Import Request.
  Time since last request: 14.185603 seconds.
  path: Assets/sprites/osocorriendo.anim
  artifactKey: Guid(3181df88345af4a45a1992bbffef71b8) Importer(815301076,1909f56bfc062723c751e8b465ee728b)
Start importing Assets/sprites/osocorriendo.anim using Guid(3181df88345af4a45a1992bbffef71b8) Importer(815301076,1909f56bfc062723c751e8b465ee728b) (PreviewImporter) -> (artifact id: 'a13befc31369d03b07fcd5fc7f7013a7') in 0.0018415 seconds
Number of updated asset objects reloaded before import = 0Number of asset objects unloaded after import = 1

